job_id,timestamp,cpu_usage,memory_usage_MB,disk_io_MBps,network_traffic_Mbps,active_instances,response_time_ms,sla_violation,cost_per_hour_$,workload_type
JOB_1,2024-01-01 00:00:00,29.48,1401.15,76.82,102.48,1,69.49,0,0.25,Streaming
JOB_2,2024-01-01 00:01:00,28.77,1983.9,58.66,87.92,1,61.59,0,0.25,Web
JOB_3,2024-01-01 00:02:00,12.22,2836.98,93.08,53.09,1,31.67,0,0.25,Web
JOB_4,2024-01-01 00:03:00,17.81,2967.48,494.81,206.97,2,34.21,0,0.5,Streaming
JOB_5,2024-01-01 00:04:00,24.48,910.62,190.26,54.11,2,50.38,0,0.5,AI
JOB_6,2024-01-01 00:05:00,31.72,2999.95,57.3,270.6,3,83.97,0,0.75,AI
JOB_7,2024-01-01 00:06:00,35.45,1740.72,161.41,187.83,3,87.28,0,0.75,IoT
JOB_8,2024-01-01 00:07:00,17.81,3546.91,401.04,191.68,2,32.2,0,0.5,AI
JOB_9,2024-01-01 00:08:00,12.29,3287.14,186.34,108.12,1,29.74,0,0.25,Web
JOB_10,2024-01-01 00:09:00,35.08,3556.36,439.76,200.75,3,63.15,0,0.75,AI
JOB_11,2024-01-01 00:10:00,22.08,505.58,368.74,266.36,2,61.19,0,0.5,AI
JOB_12,2024-01-01 00:11:00,10.08,2251.89,231.06,65.18,1,21.55,0,0.25,Analytics
JOB_13,2024-01-01 00:12:00,19.32,3717.11,263.81,146.29,1,45.66,0,0.25,Web
JOB_14,2024-01-01 00:13:00,32.56,689.76,485.59,71.76,4,81.92,0,1.0,AI
JOB_15,2024-01-01 00:14:00,31.97,2109.95,195.49,209.02,4,51.18,0,1.0,IoT
JOB_16,2024-01-01 00:15:00,32.76,1314.66,339.36,152.59,2,93.9,0,0.5,IoT
JOB_17,2024-01-01 00:16:00,24.72,3350.74,362.55,291.33,1,68.0,0,0.25,Web
JOB_18,2024-01-01 00:17:00,30.71,3678.84,57.17,294.77,4,83.79,0,1.0,IoT
JOB_19,2024-01-01 00:18:00,12.6,2907.12,477.19,153.82,2,27.54,0,0.5,AI
JOB_20,2024-01-01 00:19:00,28.65,3825.03,257.2,189.34,1,64.54,0,0.25,Streaming
JOB_21,2024-01-01 00:20:00,11.19,1143.66,230.85,153.97,1,28.3,0,0.25,Web
JOB_22,2024-01-01 00:21:00,31.6,2555.61,499.78,230.02,2,63.44,0,0.5,AI
JOB_23,2024-01-01 00:22:00,25.49,1958.7,183.88,211.78,1,59.46,0,0.25,AI
JOB_24,2024-01-01 00:23:00,10.44,1439.81,142.0,117.36,2,16.49,0,0.5,Analytics
JOB_25,2024-01-01 00:24:00,29.55,597.73,452.05,275.26,1,86.66,0,0.25,Web
JOB_26,2024-01-01 00:25:00,30.71,2041.14,296.58,85.78,2,65.67,0,0.5,IoT
JOB_27,2024-01-01 00:26:00,29.93,3911.57,62.21,74.94,1,73.24,0,0.25,AI
JOB_28,2024-01-01 00:27:00,10.84,788.41,433.3,149.38,1,27.21,0,0.25,Web
JOB_29,2024-01-01 00:28:00,38.48,3612.57,456.52,169.58,4,86.04,0,1.0,Web
JOB_30,2024-01-01 00:29:00,36.5,1426.16,89.78,59.36,2,91.7,0,0.5,Web
JOB_31,2024-01-01 00:30:00,12.01,3959.34,211.15,205.37,2,33.55,0,0.5,Web
JOB_32,2024-01-01 00:31:00,30.96,3137.35,362.69,211.81,4,77.25,0,1.0,IoT
JOB_33,2024-01-01 00:32:00,17.19,1266.06,208.53,284.56,1,29.29,0,0.25,AI
JOB_34,2024-01-01 00:33:00,22.71,3284.8,345.26,271.7,1,45.78,0,0.25,IoT
JOB_35,2024-01-01 00:34:00,13.48,1336.73,317.29,273.29,2,35.16,0,0.5,Analytics
JOB_36,2024-01-01 00:35:00,21.57,3399.53,176.56,229.36,1,36.55,0,0.25,Web
JOB_37,2024-01-01 00:36:00,13.14,3781.11,70.56,236.88,2,33.23,0,0.5,Analytics
JOB_38,2024-01-01 00:37:00,17.49,593.01,144.34,249.93,1,49.97,0,0.25,IoT
JOB_39,2024-01-01 00:38:00,26.52,2677.24,439.46,262.86,1,43.28,0,0.25,Streaming
JOB_40,2024-01-01 00:39:00,37.27,1670.26,332.38,190.37,3,71.27,0,0.75,Web
JOB_41,2024-01-01 00:40:00,34.43,1954.46,273.39,221.75,2,96.88,0,0.5,AI
JOB_42,2024-01-01 00:41:00,27.09,819.34,411.13,171.71,2,72.56,0,0.5,Analytics
JOB_43,2024-01-01 00:42:00,35.31,3926.34,227.62,164.95,2,55.82,0,0.5,Web
JOB_44,2024-01-01 00:43:00,29.14,993.1,132.09,72.97,2,47.14,0,0.5,IoT
JOB_45,2024-01-01 00:44:00,28.63,3199.77,88.45,195.12,2,82.19,0,0.5,IoT
JOB_46,2024-01-01 00:45:00,29.24,2221.41,395.5,160.33,1,66.13,0,0.25,Streaming
JOB_47,2024-01-01 00:46:00,14.57,3220.28,277.18,261.97,2,27.15,0,0.5,Web
JOB_48,2024-01-01 00:47:00,30.73,2263.61,165.09,200.54,3,62.76,0,0.75,Analytics
JOB_49,2024-01-01 00:48:00,27.39,2272.64,355.3,224.78,1,77.57,0,0.25,Analytics
JOB_50,2024-01-01 00:49:00,19.64,1786.72,251.72,158.04,1,30.01,0,0.25,Streaming
JOB_51,2024-01-01 00:50:00,18.1,1981.5,311.43,288.51,2,33.34,0,0.5,Web
JOB_52,2024-01-01 00:51:00,35.03,3164.0,298.32,262.61,2,59.58,0,0.5,Streaming
JOB_53,2024-01-01 00:52:00,10.59,1491.22,408.19,139.48,2,31.4,0,0.5,IoT
JOB_54,2024-01-01 00:53:00,23.47,2137.22,488.96,126.33,2,56.48,0,0.5,Analytics
JOB_55,2024-01-01 00:54:00,14.02,1534.8,172.47,100.22,1,26.23,0,0.25,Web
JOB_56,2024-01-01 00:55:00,24.46,2691.75,302.4,179.52,1,66.77,0,0.25,IoT
JOB_57,2024-01-01 00:56:00,22.18,1025.06,245.94,167.47,2,40.91,0,0.5,IoT
JOB_58,2024-01-01 00:57:00,15.22,1712.35,150.41,189.13,1,34.97,0,0.25,Streaming
JOB_59,2024-01-01 00:58:00,31.52,1182.39,476.32,73.4,3,76.54,0,0.75,IoT
JOB_60,2024-01-01 00:59:00,18.43,2184.67,267.99,107.2,1,49.5,0,0.25,AI
JOB_61,2024-01-01 01:00:00,19.77,2876.21,178.42,71.76,1,54.85,0,0.25,AI
JOB_62,2024-01-01 01:01:00,16.55,1314.96,176.37,260.84,1,27.23,0,0.25,Streaming
JOB_63,2024-01-01 01:02:00,23.85,2807.4,214.24,123.5,1,62.28,0,0.25,AI
JOB_64,2024-01-01 01:03:00,26.86,1828.13,369.46,65.03,2,68.97,0,0.5,Streaming
JOB_65,2024-01-01 01:04:00,14.62,1350.41,356.57,141.62,1,29.81,0,0.25,IoT
JOB_66,2024-01-01 01:05:00,32.68,2063.26,440.94,259.94,2,88.05,0,0.5,AI
JOB_67,2024-01-01 01:06:00,38.97,1409.59,165.91,282.63,3,67.82,0,0.75,Streaming
JOB_68,2024-01-01 01:07:00,18.76,932.96,328.62,185.12,2,30.65,0,0.5,AI
JOB_69,2024-01-01 01:08:00,19.74,3728.98,265.46,277.92,1,31.55,0,0.25,IoT
JOB_70,2024-01-01 01:09:00,37.13,2898.68,404.55,238.25,4,66.48,0,1.0,Analytics
JOB_71,2024-01-01 01:10:00,19.69,1859.93,117.4,145.13,1,45.89,0,0.25,Web
JOB_72,2024-01-01 01:11:00,32.47,2549.16,124.44,144.28,3,93.08,0,0.75,IoT
JOB_73,2024-01-01 01:12:00,27.16,2048.27,341.29,237.29,2,53.15,0,0.5,Web
JOB_74,2024-01-01 01:13:00,28.24,837.24,290.12,275.52,1,64.51,0,0.25,Streaming
JOB_75,2024-01-01 01:14:00,28.85,935.28,226.38,114.51,1,81.44,0,0.25,Analytics
JOB_76,2024-01-01 01:15:00,29.47,988.54,93.57,183.24,2,79.4,0,0.5,Web
JOB_77,2024-01-01 01:16:00,36.22,3605.0,121.32,230.27,2,71.23,0,0.5,IoT
JOB_78,2024-01-01 01:17:00,16.5,688.1,480.92,248.84,1,44.23,0,0.25,IoT
JOB_79,2024-01-01 01:18:00,18.65,721.14,165.82,204.69,2,51.01,0,0.5,Streaming
JOB_80,2024-01-01 01:19:00,28.12,1040.89,251.5,286.62,1,66.32,0,0.25,Web
JOB_81,2024-01-01 01:20:00,19.87,3998.47,199.76,179.48,2,54.3,0,0.5,Web
JOB_82,2024-01-01 01:21:00,39.58,2127.5,355.38,81.41,3,117.06,0,0.75,AI
JOB_83,2024-01-01 01:22:00,34.86,1248.78,243.53,188.25,2,78.06,0,0.5,Analytics
JOB_84,2024-01-01 01:23:00,38.01,1716.77,246.72,77.66,3,84.36,0,0.75,Web
JOB_85,2024-01-01 01:24:00,15.03,3356.18,387.45,227.72,2,26.53,0,0.5,Web
JOB_86,2024-01-01 01:25:00,21.63,1707.88,460.33,190.33,1,52.71,0,0.25,Analytics
JOB_87,2024-01-01 01:26:00,31.92,2940.15,99.49,128.42,3,88.38,0,0.75,Streaming
JOB_88,2024-01-01 01:27:00,23.67,3100.46,437.25,233.79,2,45.43,0,0.5,Analytics
JOB_89,2024-01-01 01:28:00,19.88,1738.33,232.08,89.12,2,30.99,0,0.5,Streaming
JOB_90,2024-01-01 01:29:00,11.2,3306.01,119.2,84.77,1,21.87,0,0.25,Streaming
JOB_91,2024-01-01 01:30:00,25.58,3220.39,484.89,231.02,1,47.36,0,0.25,Web
JOB_92,2024-01-01 01:31:00,37.45,2696.77,115.26,110.16,4,108.73,0,1.0,Streaming
JOB_93,2024-01-01 01:32:00,39.2,929.78,309.63,172.94,2,112.72,0,0.5,Streaming
JOB_94,2024-01-01 01:33:00,23.8,2554.56,82.72,98.76,2,69.14,0,0.5,IoT
JOB_95,2024-01-01 01:34:00,30.58,3458.54,114.98,274.42,4,91.0,0,1.0,IoT
JOB_96,2024-01-01 01:35:00,38.15,688.28,392.9,86.59,4,69.26,0,1.0,Streaming
JOB_97,2024-01-01 01:36:00,38.65,527.49,58.94,292.32,4,110.65,0,1.0,AI
JOB_98,2024-01-01 01:37:00,15.6,3786.22,122.72,174.5,2,26.03,0,0.5,Streaming
JOB_99,2024-01-01 01:38:00,15.85,1759.14,239.31,209.81,1,34.23,0,0.25,AI
JOB_100,2024-01-01 01:39:00,18.47,1301.79,463.59,225.62,1,47.67,0,0.25,Web
JOB_101,2024-01-01 01:40:00,22.88,3517.06,51.47,74.14,2,63.38,0,0.5,Analytics
JOB_102,2024-01-01 01:41:00,22.56,1420.3,324.87,237.82,1,67.57,0,0.25,Streaming
JOB_103,2024-01-01 01:42:00,13.99,1626.87,69.32,146.78,1,23.17,0,0.25,Streaming
JOB_104,2024-01-01 01:43:00,26.5,3898.55,260.13,288.88,2,61.53,0,0.5,Streaming
JOB_105,2024-01-01 01:44:00,11.16,3379.81,54.02,75.85,1,19.93,0,0.25,Web
JOB_106,2024-01-01 01:45:00,21.21,2678.93,375.1,292.56,1,48.71,0,0.25,Web
JOB_107,2024-01-01 01:46:00,21.15,2158.6,273.15,71.06,1,46.3,0,0.25,IoT
JOB_108,2024-01-01 01:47:00,28.21,890.31,362.21,171.65,2,51.42,0,0.5,Web
JOB_109,2024-01-01 01:48:00,20.31,3460.61,341.99,88.18,1,39.69,0,0.25,Streaming
JOB_110,2024-01-01 01:49:00,26.95,638.61,299.79,191.4,1,64.77,0,0.25,Web
JOB_111,2024-01-01 01:50:00,30.71,3167.25,258.66,115.67,3,83.27,0,0.75,IoT
JOB_112,2024-01-01 01:51:00,27.96,1524.81,486.9,212.22,1,78.78,0,0.25,AI
JOB_113,2024-01-01 01:52:00,15.27,1986.2,327.13,114.28,1,42.46,0,0.25,AI
JOB_114,2024-01-01 01:53:00,20.47,741.44,252.04,139.63,2,35.4,0,0.5,IoT
JOB_115,2024-01-01 01:54:00,22.07,3424.39,65.85,165.61,1,41.96,0,0.25,AI
JOB_116,2024-01-01 01:55:00,26.74,2895.79,420.26,170.6,2,48.78,0,0.5,IoT
JOB_117,2024-01-01 01:56:00,24.2,3872.05,440.2,225.02,2,72.29,0,0.5,Streaming
JOB_118,2024-01-01 01:57:00,38.24,1020.78,141.0,55.76,4,61.42,0,1.0,Analytics
JOB_119,2024-01-01 01:58:00,22.5,818.64,66.84,159.19,1,64.73,0,0.25,AI
JOB_120,2024-01-01 01:59:00,37.13,580.68,341.74,294.65,3,73.63,0,0.75,IoT
JOB_121,2024-01-01 02:00:00,39.08,1502.51,237.73,184.85,3,77.11,0,0.75,Streaming
JOB_122,2024-01-01 02:01:00,15.74,3739.94,375.41,219.77,2,33.43,0,0.5,Streaming
JOB_123,2024-01-01 02:02:00,21.48,2753.86,108.51,143.37,2,49.07,0,0.5,AI
JOB_124,2024-01-01 02:03:00,16.0,3083.52,230.49,285.57,1,39.18,0,0.25,Web
JOB_125,2024-01-01 02:04:00,27.0,3823.79,290.21,65.22,2,46.4,0,0.5,Analytics
JOB_126,2024-01-01 02:05:00,24.97,3272.65,328.23,73.05,1,58.83,0,0.25,IoT
JOB_127,2024-01-01 02:06:00,34.34,2105.03,352.66,214.39,4,91.31,0,1.0,AI
JOB_128,2024-01-01 02:07:00,30.32,1250.48,499.75,289.78,2,51.06,0,0.5,IoT
JOB_129,2024-01-01 02:08:00,34.09,1548.65,253.82,69.41,3,64.9,0,0.75,IoT
JOB_130,2024-01-01 02:09:00,15.37,1941.39,357.22,179.92,1,30.97,0,0.25,AI
JOB_131,2024-01-01 02:10:00,31.07,3528.89,185.9,181.73,3,77.1,0,0.75,IoT
JOB_132,2024-01-01 02:11:00,28.96,2068.96,82.28,68.98,1,55.88,0,0.25,AI
JOB_133,2024-01-01 02:12:00,16.64,2028.99,69.1,263.98,1,49.13,0,0.25,IoT
JOB_134,2024-01-01 02:13:00,27.95,1659.82,385.65,262.36,2,80.59,0,0.5,IoT
JOB_135,2024-01-01 02:14:00,27.12,1721.71,345.89,227.84,1,74.44,0,0.25,IoT
JOB_136,2024-01-01 02:15:00,17.43,3338.08,345.9,154.53,2,37.46,0,0.5,IoT
JOB_137,2024-01-01 02:16:00,34.43,780.99,392.95,243.15,3,57.08,0,0.75,IoT
JOB_138,2024-01-01 02:17:00,18.76,3241.61,339.88,126.93,1,55.65,0,0.25,IoT
JOB_139,2024-01-01 02:18:00,33.18,1520.22,377.85,162.76,2,92.78,0,0.5,Streaming
JOB_140,2024-01-01 02:19:00,12.94,1907.21,208.91,208.08,1,25.67,0,0.25,Streaming
JOB_141,2024-01-01 02:20:00,34.78,3110.57,459.99,209.29,2,91.55,0,0.5,Analytics
JOB_142,2024-01-01 02:21:00,36.09,1756.93,454.86,276.67,2,92.49,0,0.5,IoT
JOB_143,2024-01-01 02:22:00,15.26,2289.51,377.59,286.71,1,22.95,0,0.25,AI
JOB_144,2024-01-01 02:23:00,20.23,1783.45,447.45,253.26,2,59.11,0,0.5,IoT
JOB_145,2024-01-01 02:24:00,17.14,2596.74,105.75,209.39,1,26.13,0,0.25,AI
JOB_146,2024-01-01 02:25:00,29.77,645.5,284.89,55.12,1,80.59,0,0.25,AI
JOB_147,2024-01-01 02:26:00,22.0,2997.07,95.98,129.56,1,51.24,0,0.25,Web
JOB_148,2024-01-01 02:27:00,17.3,2145.19,413.62,145.85,2,27.74,0,0.5,IoT
JOB_149,2024-01-01 02:28:00,33.48,1006.09,236.88,62.27,3,94.23,0,0.75,Streaming
JOB_150,2024-01-01 02:29:00,34.51,3372.7,150.93,266.28,4,62.86,0,1.0,AI
JOB_151,2024-01-01 02:30:00,37.52,3667.44,246.65,141.59,4,73.38,0,1.0,AI
JOB_152,2024-01-01 02:31:00,37.73,2691.84,237.68,54.13,4,96.92,0,1.0,Web
JOB_153,2024-01-01 02:32:00,11.52,2619.17,419.14,261.58,2,30.29,0,0.5,IoT
JOB_154,2024-01-01 02:33:00,35.32,1735.19,71.5,186.17,4,88.52,0,1.0,IoT
JOB_155,2024-01-01 02:34:00,10.69,1790.66,365.65,97.33,2,24.13,0,0.5,Streaming
JOB_156,2024-01-01 02:35:00,38.94,2445.62,458.84,159.93,4,110.16,0,1.0,AI
JOB_157,2024-01-01 02:36:00,39.22,1461.14,250.44,75.25,2,102.0,0,0.5,AI
JOB_158,2024-01-01 02:37:00,11.93,808.21,435.44,214.63,1,22.24,0,0.25,AI
JOB_159,2024-01-01 02:38:00,23.83,3183.07,204.78,125.79,2,57.94,0,0.5,IoT
JOB_160,2024-01-01 02:39:00,24.19,1648.65,207.59,282.9,1,68.11,0,0.25,Web
JOB_161,2024-01-01 02:40:00,24.94,2061.78,122.59,191.72,1,45.86,0,0.25,IoT
JOB_162,2024-01-01 02:41:00,11.76,2058.15,245.39,75.17,1,20.91,0,0.25,Analytics
JOB_163,2024-01-01 02:42:00,28.94,3778.74,151.3,274.21,1,57.38,0,0.25,AI
JOB_164,2024-01-01 02:43:00,34.13,1941.0,62.41,77.13,2,79.19,0,0.5,IoT
JOB_165,2024-01-01 02:44:00,37.12,1491.61,59.06,266.55,3,71.72,0,0.75,IoT
JOB_166,2024-01-01 02:45:00,24.91,2025.78,357.6,175.36,2,57.23,0,0.5,Web
JOB_167,2024-01-01 02:46:00,32.96,3834.13,308.62,116.74,3,60.89,0,0.75,Streaming
JOB_168,2024-01-01 02:47:00,32.68,2548.72,160.62,241.48,2,65.12,0,0.5,Analytics
JOB_169,2024-01-01 02:48:00,28.83,1088.6,354.68,107.09,2,77.93,0,0.5,Analytics
JOB_170,2024-01-01 02:49:00,25.05,1256.38,121.27,210.93,1,43.58,0,0.25,AI
JOB_171,2024-01-01 02:50:00,33.24,1698.88,136.92,174.56,2,89.78,0,0.5,AI
JOB_172,2024-01-01 02:51:00,23.67,2637.09,402.49,260.06,2,43.17,0,0.5,Web
JOB_173,2024-01-01 02:52:00,33.06,810.91,73.9,187.05,4,52.11,0,1.0,IoT
JOB_174,2024-01-01 02:53:00,27.25,3106.58,360.74,122.57,2,43.68,0,0.5,AI
JOB_175,2024-01-01 02:54:00,31.01,1416.65,154.09,155.05,3,85.52,0,0.75,Streaming
JOB_176,2024-01-01 02:55:00,19.65,1727.3,313.28,210.06,1,56.85,0,0.25,Streaming
JOB_177,2024-01-01 02:56:00,14.16,3606.46,152.7,295.63,1,29.0,0,0.25,IoT
JOB_178,2024-01-01 02:57:00,18.08,2602.18,224.6,182.44,2,52.31,0,0.5,AI
JOB_179,2024-01-01 02:58:00,25.44,1264.04,426.0,197.21,1,39.28,0,0.25,AI
JOB_180,2024-01-01 02:59:00,28.46,1943.16,359.33,298.2,1,43.32,0,0.25,AI
JOB_181,2024-01-01 03:00:00,39.19,3414.73,339.04,241.84,3,94.64,0,0.75,Analytics
JOB_182,2024-01-01 03:01:00,32.07,3102.09,298.62,110.16,4,93.95,0,1.0,Streaming
JOB_183,2024-01-01 03:02:00,31.77,3561.53,346.96,248.73,4,57.07,0,1.0,Streaming
JOB_184,2024-01-01 03:03:00,30.51,1652.51,115.76,115.13,4,73.66,0,1.0,AI
JOB_185,2024-01-01 03:04:00,13.28,1614.74,431.02,230.18,2,34.11,0,0.5,Web
JOB_186,2024-01-01 03:05:00,22.74,2830.19,59.27,79.39,2,58.27,0,0.5,Analytics
JOB_187,2024-01-01 03:06:00,20.98,1001.63,120.13,95.22,2,54.01,0,0.5,Streaming
JOB_188,2024-01-01 03:07:00,20.37,2614.04,127.12,228.52,2,58.73,0,0.5,AI
JOB_189,2024-01-01 03:08:00,19.36,3481.32,198.4,56.37,1,46.6,0,0.25,AI
JOB_190,2024-01-01 03:09:00,39.52,847.22,349.17,87.59,2,78.35,0,0.5,IoT
JOB_191,2024-01-01 03:10:00,18.2,3228.09,367.66,89.67,1,31.85,0,0.25,AI
JOB_192,2024-01-01 03:11:00,18.74,2214.21,206.29,218.2,1,49.59,0,0.25,Streaming
JOB_193,2024-01-01 03:12:00,18.17,3236.78,69.43,122.31,2,36.43,0,0.5,IoT
JOB_194,2024-01-01 03:13:00,26.46,3127.39,165.21,227.53,1,47.4,0,0.25,Streaming
JOB_195,2024-01-01 03:14:00,28.27,1018.3,334.14,225.69,2,55.63,0,0.5,Streaming
JOB_196,2024-01-01 03:15:00,30.0,3918.09,56.65,238.22,4,58.17,0,1.0,IoT
JOB_197,2024-01-01 03:16:00,37.85,3050.5,395.54,68.72,4,57.58,0,1.0,AI
JOB_198,2024-01-01 03:17:00,13.58,3087.07,387.35,110.65,2,24.19,0,0.5,Web
JOB_199,2024-01-01 03:18:00,20.1,1340.94,53.32,231.11,2,34.27,0,0.5,AI
JOB_200,2024-01-01 03:19:00,18.84,3559.1,472.48,64.33,2,32.25,0,0.5,Web
JOB_201,2024-01-01 03:20:00,11.18,2540.43,456.29,183.07,2,30.3,0,0.5,IoT
JOB_202,2024-01-01 03:21:00,38.9,1902.86,461.27,241.42,2,61.66,0,0.5,Web
JOB_203,2024-01-01 03:22:00,10.11,3181.85,363.02,168.78,1,24.09,0,0.25,Streaming
JOB_204,2024-01-01 03:23:00,28.75,1494.45,107.83,113.64,2,54.96,0,0.5,Analytics
JOB_205,2024-01-01 03:24:00,14.99,2117.15,374.02,283.63,2,37.46,0,0.5,Streaming
JOB_206,2024-01-01 03:25:00,11.37,903.48,411.8,203.02,1,30.45,0,0.25,Web
JOB_207,2024-01-01 03:26:00,31.86,1530.32,495.79,214.28,3,89.51,0,0.75,Analytics
JOB_208,2024-01-01 03:27:00,32.84,1546.3,281.93,231.9,4,70.73,0,1.0,IoT
JOB_209,2024-01-01 03:28:00,14.86,2713.32,379.78,244.96,2,35.0,0,0.5,IoT
JOB_210,2024-01-01 03:29:00,35.46,3531.88,353.24,235.34,4,94.15,0,1.0,AI
JOB_211,2024-01-01 03:30:00,39.1,943.33,312.45,225.29,3,98.54,0,0.75,Streaming
JOB_212,2024-01-01 03:31:00,23.33,1960.16,109.73,146.48,1,53.31,0,0.25,Streaming
JOB_213,2024-01-01 03:32:00,17.24,3416.73,111.32,287.74,1,46.16,0,0.25,AI
JOB_214,2024-01-01 03:33:00,10.59,2532.66,167.03,232.43,1,19.13,0,0.25,Streaming
JOB_215,2024-01-01 03:34:00,24.7,3508.27,143.35,295.54,1,63.99,0,0.25,IoT
JOB_216,2024-01-01 03:35:00,37.06,3737.54,420.29,60.1,3,89.27,0,0.75,AI
JOB_217,2024-01-01 03:36:00,35.16,1612.64,136.58,124.36,3,59.52,0,0.75,Streaming
JOB_218,2024-01-01 03:37:00,10.45,1961.98,116.97,268.05,1,28.07,0,0.25,Streaming
JOB_219,2024-01-01 03:38:00,23.72,2584.92,200.8,62.51,1,61.16,0,0.25,IoT
JOB_220,2024-01-01 03:39:00,33.5,2790.35,111.35,219.26,4,77.38,0,1.0,AI
JOB_221,2024-01-01 03:40:00,13.34,1782.67,483.92,260.25,1,30.57,0,0.25,Analytics
JOB_222,2024-01-01 03:41:00,17.77,1065.45,182.37,282.96,2,39.3,0,0.5,Web
JOB_223,2024-01-01 03:42:00,19.99,1831.64,297.96,296.9,1,58.26,0,0.25,Streaming
JOB_224,2024-01-01 03:43:00,29.12,2121.67,342.72,51.58,1,62.92,0,0.25,AI
JOB_225,2024-01-01 03:44:00,15.92,888.76,147.57,184.29,1,27.37,0,0.25,IoT
JOB_226,2024-01-01 03:45:00,16.77,2318.43,469.23,165.91,1,32.42,0,0.25,AI
JOB_227,2024-01-01 03:46:00,17.21,2924.3,493.12,193.42,2,35.38,0,0.5,AI
JOB_228,2024-01-01 03:47:00,11.17,2342.57,190.18,266.51,1,29.88,0,0.25,AI
JOB_229,2024-01-01 03:48:00,12.53,3753.15,226.32,161.41,2,32.35,0,0.5,AI
JOB_230,2024-01-01 03:49:00,36.22,3972.13,228.14,167.38,2,80.68,0,0.5,AI
JOB_231,2024-01-01 03:50:00,35.38,1668.16,194.4,104.22,4,67.33,0,1.0,Analytics
JOB_232,2024-01-01 03:51:00,36.96,3880.75,497.56,154.33,3,107.16,0,0.75,Web
JOB_233,2024-01-01 03:52:00,17.45,3609.44,344.49,127.03,2,50.59,0,0.5,Streaming
JOB_234,2024-01-01 03:53:00,20.07,2270.83,383.43,223.7,1,48.78,0,0.25,IoT
JOB_235,2024-01-01 03:54:00,37.24,3117.47,82.81,156.06,2,80.66,0,0.5,Analytics
JOB_236,2024-01-01 03:55:00,33.19,2377.92,82.52,150.0,3,94.79,0,0.75,AI
JOB_237,2024-01-01 03:56:00,37.78,643.09,391.52,173.8,2,84.64,0,0.5,Streaming
JOB_238,2024-01-01 03:57:00,23.79,1241.13,480.72,232.42,1,68.04,0,0.25,Web
JOB_239,2024-01-01 03:58:00,23.2,1071.49,378.02,165.96,1,36.77,0,0.25,Streaming
JOB_240,2024-01-01 03:59:00,37.58,1592.8,113.78,208.01,4,80.61,0,1.0,Analytics
JOB_241,2024-01-01 04:00:00,16.56,948.4,164.05,212.87,2,37.43,0,0.5,IoT
JOB_242,2024-01-01 04:01:00,25.67,3323.97,477.79,141.17,2,72.59,0,0.5,AI
JOB_243,2024-01-01 04:02:00,29.89,2567.56,402.94,216.59,1,62.95,0,0.25,Streaming
JOB_244,2024-01-01 04:03:00,15.18,560.66,249.63,170.24,2,40.04,0,0.5,Streaming
JOB_245,2024-01-01 04:04:00,18.1,1760.95,321.97,279.71,2,39.59,0,0.5,Web
JOB_246,2024-01-01 04:05:00,23.24,3721.5,129.74,126.45,2,67.98,0,0.5,Streaming
JOB_247,2024-01-01 04:06:00,10.6,3047.41,328.59,132.92,1,19.18,0,0.25,Analytics
JOB_248,2024-01-01 04:07:00,12.29,1597.77,148.73,298.1,1,36.21,0,0.25,Streaming
JOB_249,2024-01-01 04:08:00,32.56,2867.09,461.08,117.14,3,84.28,0,0.75,Streaming
JOB_250,2024-01-01 04:09:00,16.75,1440.34,206.13,235.82,1,35.7,0,0.25,Analytics
JOB_251,2024-01-01 04:10:00,28.84,3559.81,389.72,165.75,1,54.12,0,0.25,IoT
JOB_252,2024-01-01 04:11:00,24.36,2076.61,412.1,127.95,1,48.22,0,0.25,Web
JOB_253,2024-01-01 04:12:00,17.85,509.79,379.47,237.95,1,49.93,0,0.25,AI
JOB_254,2024-01-01 04:13:00,19.31,3450.33,416.39,191.48,1,33.95,0,0.25,IoT
JOB_255,2024-01-01 04:14:00,33.44,1591.65,69.21,50.24,4,78.52,0,1.0,IoT
JOB_256,2024-01-01 04:15:00,19.03,3839.31,313.61,176.78,1,55.46,0,0.25,IoT
JOB_257,2024-01-01 04:16:00,24.89,2926.38,153.37,264.87,1,53.18,0,0.25,AI
JOB_258,2024-01-01 04:17:00,36.23,2188.54,344.77,199.97,4,58.76,0,1.0,Web
JOB_259,2024-01-01 04:18:00,28.78,2809.99,422.42,262.33,2,55.58,0,0.5,Web
JOB_260,2024-01-01 04:19:00,26.35,1543.23,380.77,62.56,1,63.57,0,0.25,Analytics
JOB_261,2024-01-01 04:20:00,28.67,1221.39,325.05,103.35,2,47.49,0,0.5,IoT
JOB_262,2024-01-01 04:21:00,10.27,3807.04,368.79,215.12,2,24.98,0,0.5,Web
JOB_263,2024-01-01 04:22:00,27.0,2651.87,85.66,141.86,2,57.11,0,0.5,Analytics
JOB_264,2024-01-01 04:23:00,26.67,2271.48,483.97,251.3,2,72.47,0,0.5,AI
JOB_265,2024-01-01 04:24:00,24.72,1627.38,427.03,202.39,1,49.0,0,0.25,Analytics
JOB_266,2024-01-01 04:25:00,30.83,1887.95,79.86,133.76,2,69.32,0,0.5,Web
JOB_267,2024-01-01 04:26:00,15.16,608.95,382.57,187.64,2,26.59,0,0.5,IoT
JOB_268,2024-01-01 04:27:00,18.95,1550.61,394.92,144.52,1,38.84,0,0.25,IoT
JOB_269,2024-01-01 04:28:00,38.36,3005.39,296.92,120.02,2,104.89,0,0.5,Analytics
JOB_270,2024-01-01 04:29:00,19.77,3829.41,428.53,282.39,1,37.73,0,0.25,Streaming
JOB_271,2024-01-01 04:30:00,16.3,1618.1,480.65,187.73,1,37.69,0,0.25,Streaming
JOB_272,2024-01-01 04:31:00,10.55,3370.56,333.06,258.15,1,24.6,0,0.25,Streaming
JOB_273,2024-01-01 04:32:00,39.76,2367.8,453.68,231.41,3,88.45,0,0.75,AI
JOB_274,2024-01-01 04:33:00,21.95,2736.29,233.57,151.97,1,58.07,0,0.25,Analytics
JOB_275,2024-01-01 04:34:00,14.58,3648.46,175.95,183.99,2,34.84,0,0.5,Web
JOB_276,2024-01-01 04:35:00,37.44,2043.27,336.97,240.21,3,108.84,0,0.75,Analytics
JOB_277,2024-01-01 04:36:00,26.48,996.13,391.8,161.87,2,42.33,0,0.5,Streaming
JOB_278,2024-01-01 04:37:00,28.43,2983.79,449.85,213.63,1,67.23,0,0.25,IoT
JOB_279,2024-01-01 04:38:00,12.65,3077.31,99.97,272.49,1,33.24,0,0.25,Streaming
JOB_280,2024-01-01 04:39:00,33.8,1317.37,294.69,289.55,4,72.38,0,1.0,IoT
JOB_281,2024-01-01 04:40:00,16.04,657.09,444.7,237.71,2,45.26,0,0.5,AI
JOB_282,2024-01-01 04:41:00,19.3,1573.42,305.65,204.91,1,54.99,0,0.25,AI
JOB_283,2024-01-01 04:42:00,12.28,3853.86,267.22,160.8,1,31.48,0,0.25,Streaming
JOB_284,2024-01-01 04:43:00,15.21,2966.82,109.54,100.3,1,30.13,0,0.25,AI
JOB_285,2024-01-01 04:44:00,20.87,3399.89,127.12,157.63,2,46.79,0,0.5,Analytics
JOB_286,2024-01-01 04:45:00,27.94,732.96,373.49,215.13,2,74.5,0,0.5,AI
JOB_287,2024-01-01 04:46:00,37.44,3344.5,79.84,116.97,4,71.41,0,1.0,AI
JOB_288,2024-01-01 04:47:00,14.08,2053.89,479.26,144.26,2,38.63,0,0.5,Streaming
JOB_289,2024-01-01 04:48:00,29.42,3101.5,493.1,77.17,2,86.93,0,0.5,Streaming
JOB_290,2024-01-01 04:49:00,12.34,3121.76,86.49,221.27,1,31.47,0,0.25,Streaming
JOB_291,2024-01-01 04:50:00,10.89,1121.33,376.41,188.76,2,25.81,0,0.5,IoT
JOB_292,2024-01-01 04:51:00,37.64,3528.78,492.34,248.37,2,111.88,0,0.5,Streaming
JOB_293,2024-01-01 04:52:00,39.3,2398.12,455.46,155.45,4,87.97,0,1.0,Web
JOB_294,2024-01-01 04:53:00,37.02,1536.45,380.39,132.96,2,92.1,0,0.5,Analytics
JOB_295,2024-01-01 04:54:00,29.74,2690.07,229.05,190.84,2,58.78,0,0.5,IoT
JOB_296,2024-01-01 04:55:00,33.97,3849.84,68.33,290.27,4,59.77,0,1.0,Web
JOB_297,2024-01-01 04:56:00,15.79,2514.83,81.4,69.95,1,24.81,0,0.25,IoT
JOB_298,2024-01-01 04:57:00,20.19,835.62,462.93,142.22,2,52.39,0,0.5,Web
JOB_299,2024-01-01 04:58:00,31.53,2634.05,383.67,230.05,2,77.17,0,0.5,AI
JOB_300,2024-01-01 04:59:00,19.42,3318.89,71.17,171.93,1,50.9,0,0.25,Streaming
JOB_301,2024-01-01 05:00:00,11.24,3888.31,450.15,249.67,1,27.72,0,0.25,Streaming
JOB_302,2024-01-01 05:01:00,13.03,3369.0,305.31,52.35,2,36.17,0,0.5,Web
JOB_303,2024-01-01 05:02:00,23.19,1463.59,51.16,174.9,2,65.61,0,0.5,Analytics
JOB_304,2024-01-01 05:03:00,36.63,3882.43,105.53,87.36,3,93.12,0,0.75,IoT
JOB_305,2024-01-01 05:04:00,33.76,3091.26,343.43,255.14,3,86.54,0,0.75,IoT
JOB_306,2024-01-01 05:05:00,34.21,1598.62,159.6,225.46,4,53.18,0,1.0,Streaming
JOB_307,2024-01-01 05:06:00,32.87,3215.14,292.41,195.89,3,67.57,0,0.75,Analytics
JOB_308,2024-01-01 05:07:00,34.23,2615.03,270.26,251.12,2,66.5,0,0.5,AI
JOB_309,2024-01-01 05:08:00,23.25,3548.95,490.39,99.32,2,48.76,0,0.5,IoT
JOB_310,2024-01-01 05:09:00,18.33,1818.68,70.02,141.01,1,36.99,0,0.25,Web
JOB_311,2024-01-01 05:10:00,21.44,2304.3,381.54,151.36,1,34.09,0,0.25,Streaming
JOB_312,2024-01-01 05:11:00,24.15,2282.17,97.28,129.47,1,62.0,0,0.25,Streaming
JOB_313,2024-01-01 05:12:00,11.92,777.89,182.62,153.18,2,34.31,0,0.5,IoT
JOB_314,2024-01-01 05:13:00,29.66,3429.44,110.74,296.99,2,64.8,0,0.5,Web
JOB_315,2024-01-01 05:14:00,37.29,762.89,265.1,90.7,2,97.51,0,0.5,IoT
JOB_316,2024-01-01 05:15:00,12.12,1825.18,99.81,247.59,2,24.23,0,0.5,Web
JOB_317,2024-01-01 05:16:00,23.23,835.5,165.89,77.43,1,35.62,0,0.25,AI
JOB_318,2024-01-01 05:17:00,11.52,3324.87,69.74,193.47,2,27.64,0,0.5,Streaming
JOB_319,2024-01-01 05:18:00,23.96,1371.13,334.66,229.27,1,50.39,0,0.25,Analytics
JOB_320,2024-01-01 05:19:00,11.18,2650.16,57.4,173.63,1,16.98,0,0.25,Analytics
JOB_321,2024-01-01 05:20:00,25.36,532.34,422.8,51.42,1,52.95,0,0.25,Analytics
JOB_322,2024-01-01 05:21:00,15.19,1162.95,474.0,219.63,2,25.03,0,0.5,AI
JOB_323,2024-01-01 05:22:00,18.41,2092.45,139.42,159.14,2,39.86,0,0.5,Analytics
JOB_324,2024-01-01 05:23:00,29.5,2896.79,174.66,103.14,1,49.01,0,0.25,Web
JOB_325,2024-01-01 05:24:00,29.71,2163.71,238.28,176.86,1,70.12,0,0.25,Streaming
JOB_326,2024-01-01 05:25:00,30.94,987.87,442.15,260.42,4,85.37,0,1.0,IoT
JOB_327,2024-01-01 05:26:00,35.0,2156.04,486.06,194.31,3,67.11,0,0.75,Web
JOB_328,2024-01-01 05:27:00,20.61,2421.28,266.61,231.02,1,31.66,0,0.25,Web
JOB_329,2024-01-01 05:28:00,34.52,1164.54,417.8,52.72,2,96.0,0,0.5,AI
JOB_330,2024-01-01 05:29:00,18.6,555.55,452.8,212.57,1,35.9,0,0.25,AI
JOB_331,2024-01-01 05:30:00,11.04,936.6,268.2,72.28,2,30.0,0,0.5,Analytics
JOB_332,2024-01-01 05:31:00,31.77,2262.09,291.25,238.79,4,50.91,0,1.0,Streaming
JOB_333,2024-01-01 05:32:00,16.58,1639.27,170.76,59.9,2,40.97,0,0.5,IoT
JOB_334,2024-01-01 05:33:00,15.77,1833.52,350.63,234.93,2,38.6,0,0.5,Web
JOB_335,2024-01-01 05:34:00,36.65,3827.96,353.36,257.44,4,81.18,0,1.0,AI
JOB_336,2024-01-01 05:35:00,23.26,3261.13,187.22,259.25,2,67.88,0,0.5,AI
JOB_337,2024-01-01 05:36:00,39.33,3671.87,227.3,188.68,4,83.84,0,1.0,Web
JOB_338,2024-01-01 05:37:00,34.62,734.82,127.82,189.33,4,63.99,0,1.0,Streaming
JOB_339,2024-01-01 05:38:00,10.89,1423.92,346.27,266.67,2,29.04,0,0.5,Analytics
JOB_340,2024-01-01 05:39:00,16.62,1128.7,228.57,198.04,1,27.31,0,0.25,IoT
JOB_341,2024-01-01 05:40:00,24.99,836.69,82.78,68.68,2,53.76,0,0.5,AI
JOB_342,2024-01-01 05:41:00,14.3,1298.89,492.02,218.55,2,26.07,0,0.5,IoT
JOB_343,2024-01-01 05:42:00,15.37,563.56,360.58,172.33,1,25.81,0,0.25,Streaming
JOB_344,2024-01-01 05:43:00,38.68,832.4,433.22,252.92,3,83.22,0,0.75,Analytics
JOB_345,2024-01-01 05:44:00,31.72,1332.25,294.53,285.18,4,78.46,0,1.0,AI
JOB_346,2024-01-01 05:45:00,15.92,843.0,155.64,271.47,2,43.94,0,0.5,Analytics
JOB_347,2024-01-01 05:46:00,24.96,2494.21,257.39,170.38,2,52.01,0,0.5,Web
JOB_348,2024-01-01 05:47:00,21.8,2375.45,83.79,164.25,1,64.87,0,0.25,AI
JOB_349,2024-01-01 05:48:00,37.31,2210.93,108.6,75.49,4,67.68,0,1.0,Analytics
JOB_350,2024-01-01 05:49:00,36.94,2760.54,250.16,185.32,4,85.99,0,1.0,Web
JOB_351,2024-01-01 05:50:00,34.96,2389.76,208.62,163.95,2,87.51,0,0.5,Analytics
JOB_352,2024-01-01 05:51:00,20.82,2803.65,112.81,198.38,2,42.12,0,0.5,Analytics
JOB_353,2024-01-01 05:52:00,36.85,1580.54,434.72,65.45,2,57.53,0,0.5,Analytics
JOB_354,2024-01-01 05:53:00,23.74,1159.38,290.77,224.04,1,50.57,0,0.25,AI
JOB_355,2024-01-01 05:54:00,27.04,2877.65,130.12,241.47,1,62.21,0,0.25,Web
JOB_356,2024-01-01 05:55:00,13.52,730.61,415.86,98.12,2,27.07,0,0.5,Streaming
JOB_357,2024-01-01 05:56:00,36.39,1833.48,183.82,194.91,4,81.0,0,1.0,Web
JOB_358,2024-01-01 05:57:00,11.96,2332.67,445.82,55.46,1,25.61,0,0.25,Web
JOB_359,2024-01-01 05:58:00,32.9,3862.3,423.09,293.24,3,73.79,0,0.75,Streaming
JOB_360,2024-01-01 05:59:00,31.04,1178.59,307.96,231.04,3,58.58,0,0.75,Analytics
JOB_361,2024-01-01 06:00:00,62.14,8232.59,294.37,678.41,4,183.96,0,1.0,IoT
JOB_362,2024-01-01 06:01:00,57.11,5553.93,143.42,486.71,4,105.46,0,1.0,Streaming
JOB_363,2024-01-01 06:02:00,65.21,5224.51,457.82,641.97,3,188.3,0,0.75,Streaming
JOB_364,2024-01-01 06:03:00,71.95,9469.33,70.02,644.64,3,174.31,0,0.75,Streaming
JOB_365,2024-01-01 06:04:00,41.58,5193.18,241.32,287.32,3,91.32,0,0.75,IoT
JOB_366,2024-01-01 06:05:00,51.13,4567.98,264.29,614.34,3,80.99,0,0.75,IoT
JOB_367,2024-01-01 06:06:00,40.51,8902.84,149.45,513.84,2,107.78,0,0.5,AI
JOB_368,2024-01-01 06:07:00,50.37,8953.85,242.68,544.97,2,134.37,0,0.5,AI
JOB_369,2024-01-01 06:08:00,71.81,8059.58,472.19,699.0,2,213.26,0,0.5,Analytics
JOB_370,2024-01-01 06:09:00,67.37,8219.45,216.66,364.8,4,173.08,0,1.0,Streaming
JOB_371,2024-01-01 06:10:00,63.71,6575.84,430.8,584.19,3,109.54,0,0.75,AI
JOB_372,2024-01-01 06:11:00,46.66,8242.12,347.0,596.4,3,97.21,0,0.75,AI
JOB_373,2024-01-01 06:12:00,62.83,7790.95,498.1,550.23,2,173.15,0,0.5,AI
JOB_374,2024-01-01 06:13:00,49.79,9599.9,133.54,604.48,4,103.03,0,1.0,AI
JOB_375,2024-01-01 06:14:00,46.79,9457.17,482.74,592.09,4,89.04,0,1.0,IoT
JOB_376,2024-01-01 06:15:00,51.1,5382.5,187.08,610.38,3,123.46,0,0.75,Streaming
JOB_377,2024-01-01 06:16:00,64.63,4624.18,421.28,260.75,2,135.17,0,0.5,Web
JOB_378,2024-01-01 06:17:00,52.68,7111.81,486.77,472.35,3,149.53,0,0.75,Analytics
JOB_379,2024-01-01 06:18:00,72.44,8153.45,285.61,604.84,2,112.61,0,0.5,AI
JOB_380,2024-01-01 06:19:00,55.96,6791.94,359.68,230.51,2,131.27,0,0.5,Streaming
JOB_381,2024-01-01 06:20:00,69.02,5866.54,423.77,309.17,3,184.67,0,0.75,Analytics
JOB_382,2024-01-01 06:21:00,74.91,7095.07,188.62,589.42,2,168.1,0,0.5,Web
JOB_383,2024-01-01 06:22:00,67.87,4807.74,113.93,672.49,4,154.08,0,1.0,Streaming
JOB_384,2024-01-01 06:23:00,68.54,9613.88,332.26,433.28,4,185.43,0,1.0,IoT
JOB_385,2024-01-01 06:24:00,48.0,5282.19,132.58,560.89,2,127.66,0,0.5,Streaming
JOB_386,2024-01-01 06:25:00,49.03,4846.16,395.78,608.87,4,128.65,0,1.0,IoT
JOB_387,2024-01-01 06:26:00,68.48,4103.99,336.6,452.31,3,127.97,0,0.75,Analytics
JOB_388,2024-01-01 06:27:00,40.34,4576.58,467.9,541.05,4,98.79,0,1.0,Streaming
JOB_389,2024-01-01 06:28:00,52.91,8590.02,212.34,238.0,2,136.39,0,0.5,Analytics
JOB_390,2024-01-01 06:29:00,72.9,9539.63,295.19,454.75,2,217.11,0,0.5,IoT
JOB_391,2024-01-01 06:30:00,59.28,9312.48,85.3,666.63,3,140.45,0,0.75,Web
JOB_392,2024-01-01 06:31:00,47.08,9996.9,445.17,435.49,4,77.09,0,1.0,Analytics
JOB_393,2024-01-01 06:32:00,59.73,5793.51,328.9,549.06,3,93.94,0,0.75,Web
JOB_394,2024-01-01 06:33:00,45.66,8090.24,78.35,346.36,2,128.29,0,0.5,AI
JOB_395,2024-01-01 06:34:00,44.39,9892.76,186.84,305.4,3,110.9,0,0.75,Analytics
JOB_396,2024-01-01 06:35:00,47.86,9268.03,235.96,637.05,4,94.36,0,1.0,Analytics
JOB_397,2024-01-01 06:36:00,40.39,8312.28,310.08,661.53,2,117.78,0,0.5,Analytics
JOB_398,2024-01-01 06:37:00,51.75,5669.81,280.03,470.36,2,153.84,0,0.5,Analytics
JOB_399,2024-01-01 06:38:00,43.31,6648.26,117.04,235.02,4,125.8,0,1.0,Web
JOB_400,2024-01-01 06:39:00,47.38,6001.53,54.91,514.72,4,116.41,0,1.0,Analytics
JOB_401,2024-01-01 06:40:00,62.35,9480.79,118.7,555.49,3,170.71,0,0.75,IoT
JOB_402,2024-01-01 06:41:00,45.5,7506.96,419.73,365.74,4,90.67,0,1.0,Analytics
JOB_403,2024-01-01 06:42:00,65.71,4210.48,387.44,247.23,3,191.8,0,0.75,IoT
JOB_404,2024-01-01 06:43:00,46.83,9739.14,270.24,448.61,4,86.25,0,1.0,Web
JOB_405,2024-01-01 06:44:00,51.36,7927.63,183.53,601.09,4,148.98,0,1.0,IoT
JOB_406,2024-01-01 06:45:00,61.26,9279.52,217.35,485.78,2,170.97,0,0.5,Web
JOB_407,2024-01-01 06:46:00,53.19,8445.54,267.31,632.88,3,110.35,0,0.75,AI
JOB_408,2024-01-01 06:47:00,56.81,8137.94,258.54,413.26,3,96.51,0,0.75,Web
JOB_409,2024-01-01 06:48:00,70.28,5271.35,199.87,627.18,2,201.56,0,0.5,Streaming
JOB_410,2024-01-01 06:49:00,51.51,7680.04,112.01,493.78,3,77.58,0,0.75,Web
JOB_411,2024-01-01 06:50:00,41.71,5425.81,345.55,477.04,3,66.05,0,0.75,Streaming
JOB_412,2024-01-01 06:51:00,72.43,7370.27,245.17,327.96,3,172.25,0,0.75,Streaming
JOB_413,2024-01-01 06:52:00,69.6,5059.39,289.88,205.77,2,171.89,0,0.5,IoT
JOB_414,2024-01-01 06:53:00,65.45,6739.81,306.09,622.07,4,104.36,0,1.0,Analytics
JOB_415,2024-01-01 06:54:00,48.52,9588.73,302.57,688.19,2,134.99,0,0.5,Streaming
JOB_416,2024-01-01 06:55:00,59.65,8351.59,225.13,313.44,2,129.67,0,0.5,IoT
JOB_417,2024-01-01 06:56:00,63.78,8250.95,129.69,673.22,4,185.28,0,1.0,IoT
JOB_418,2024-01-01 06:57:00,56.45,5387.62,279.0,325.85,2,117.36,0,0.5,AI
JOB_419,2024-01-01 06:58:00,72.78,4086.72,422.31,389.89,4,127.32,0,1.0,Web
JOB_420,2024-01-01 06:59:00,56.21,4503.66,189.59,351.55,4,147.55,0,1.0,AI
JOB_421,2024-01-01 07:00:00,44.15,5382.75,182.8,480.05,3,81.4,0,0.75,AI
JOB_422,2024-01-01 07:01:00,65.62,7472.06,371.2,585.08,4,172.91,0,1.0,Analytics
JOB_423,2024-01-01 07:02:00,42.35,8650.07,252.51,478.22,2,96.2,0,0.5,Web
JOB_424,2024-01-01 07:03:00,43.35,5184.27,179.6,624.31,2,115.42,0,0.5,IoT
JOB_425,2024-01-01 07:04:00,40.78,7762.34,198.91,262.33,3,106.41,0,0.75,IoT
JOB_426,2024-01-01 07:05:00,51.02,6525.08,228.72,599.27,4,103.79,0,1.0,Analytics
JOB_427,2024-01-01 07:06:00,62.78,7032.36,217.61,433.64,4,168.31,0,1.0,Web
JOB_428,2024-01-01 07:07:00,43.03,9149.18,441.87,348.52,3,80.66,0,0.75,AI
JOB_429,2024-01-01 07:08:00,70.02,4687.91,178.08,592.41,2,132.85,0,0.5,Streaming
JOB_430,2024-01-01 07:09:00,74.24,6915.13,232.59,642.96,3,178.55,0,0.75,Analytics
JOB_431,2024-01-01 07:10:00,73.04,9760.09,114.62,454.26,2,150.82,0,0.5,Analytics
JOB_432,2024-01-01 07:11:00,44.83,4821.01,102.27,493.75,4,75.34,0,1.0,AI
JOB_433,2024-01-01 07:12:00,61.15,6696.68,386.36,421.68,2,133.87,0,0.5,Web
JOB_434,2024-01-01 07:13:00,68.88,9516.81,98.69,620.23,2,156.72,0,0.5,AI
JOB_435,2024-01-01 07:14:00,74.97,5417.02,316.17,509.79,3,164.58,0,0.75,Streaming
JOB_436,2024-01-01 07:15:00,67.29,8932.87,175.15,486.27,2,188.28,0,0.5,IoT
JOB_437,2024-01-01 07:16:00,52.57,8417.1,151.23,653.5,3,111.83,0,0.75,IoT
JOB_438,2024-01-01 07:17:00,58.23,4217.79,463.36,660.96,2,117.05,0,0.5,Streaming
JOB_439,2024-01-01 07:18:00,51.66,5086.09,396.85,282.15,4,140.96,0,1.0,IoT
JOB_440,2024-01-01 07:19:00,46.38,7869.31,422.24,232.44,4,131.68,0,1.0,Streaming
JOB_441,2024-01-01 07:20:00,66.95,7126.93,202.31,323.81,4,101.32,0,1.0,Analytics
JOB_442,2024-01-01 07:21:00,64.87,5042.37,342.64,625.84,4,103.8,0,1.0,Analytics
JOB_443,2024-01-01 07:22:00,57.2,6329.96,138.61,327.78,2,154.42,0,0.5,Streaming
JOB_444,2024-01-01 07:23:00,74.74,9717.33,320.66,455.73,2,146.53,0,0.5,Web
JOB_445,2024-01-01 07:24:00,59.95,4726.4,429.24,202.74,2,179.23,0,0.5,AI
JOB_446,2024-01-01 07:25:00,68.08,7081.22,450.15,679.5,3,197.54,0,0.75,Web
JOB_447,2024-01-01 07:26:00,70.49,4093.35,259.71,484.55,2,191.88,0,0.5,AI
JOB_448,2024-01-01 07:27:00,51.09,8974.14,66.59,661.11,3,92.41,0,0.75,Analytics
JOB_449,2024-01-01 07:28:00,53.21,7490.94,70.62,334.82,3,123.53,0,0.75,Streaming
JOB_450,2024-01-01 07:29:00,65.87,9753.04,241.16,238.07,2,120.95,0,0.5,Analytics
JOB_451,2024-01-01 07:30:00,70.74,6843.87,340.96,650.84,3,131.07,0,0.75,Streaming
JOB_452,2024-01-01 07:31:00,48.32,8751.18,437.87,221.69,3,108.12,0,0.75,AI
JOB_453,2024-01-01 07:32:00,62.27,8875.36,253.86,674.21,4,163.81,0,1.0,AI
JOB_454,2024-01-01 07:33:00,66.79,7928.75,200.73,615.26,3,153.17,0,0.75,Web
JOB_455,2024-01-01 07:34:00,70.02,4600.18,78.86,532.71,2,107.57,0,0.5,AI
JOB_456,2024-01-01 07:35:00,41.94,4580.94,498.54,485.35,3,108.34,0,0.75,Analytics
JOB_457,2024-01-01 07:36:00,47.28,9921.23,338.15,449.49,3,93.35,0,0.75,Web
JOB_458,2024-01-01 07:37:00,48.64,6300.49,220.06,687.93,3,119.95,0,0.75,Streaming
JOB_459,2024-01-01 07:38:00,45.55,8237.68,305.8,207.48,3,82.98,0,0.75,AI
JOB_460,2024-01-01 07:39:00,57.59,5491.81,402.18,574.66,4,124.18,0,1.0,IoT
JOB_461,2024-01-01 07:40:00,60.71,4059.77,259.42,671.21,3,125.19,0,0.75,AI
JOB_462,2024-01-01 07:41:00,61.55,8575.81,255.11,673.35,4,92.72,0,1.0,Analytics
JOB_463,2024-01-01 07:42:00,67.6,9450.55,407.63,680.42,3,153.89,0,0.75,IoT
JOB_464,2024-01-01 07:43:00,64.92,8418.78,350.94,687.27,3,99.03,0,0.75,IoT
JOB_465,2024-01-01 07:44:00,74.34,9216.45,187.91,494.6,2,205.53,0,0.5,AI
JOB_466,2024-01-01 07:45:00,41.02,7970.43,394.0,518.67,3,116.05,0,0.75,IoT
JOB_467,2024-01-01 07:46:00,49.46,6209.3,445.93,504.46,3,124.67,0,0.75,Web
JOB_468,2024-01-01 07:47:00,59.97,5314.59,273.2,366.45,2,171.75,0,0.5,IoT
JOB_469,2024-01-01 07:48:00,58.18,8719.16,369.9,459.83,3,156.87,0,0.75,Web
JOB_470,2024-01-01 07:49:00,53.42,6692.5,149.35,205.86,3,149.31,0,0.75,IoT
JOB_471,2024-01-01 07:50:00,42.05,7803.02,341.57,664.39,2,109.07,0,0.5,Analytics
JOB_472,2024-01-01 07:51:00,41.21,7555.84,314.91,647.42,3,100.64,0,0.75,Analytics
JOB_473,2024-01-01 07:52:00,72.17,6569.09,97.07,619.83,2,140.29,0,0.5,Analytics
JOB_474,2024-01-01 07:53:00,59.4,8193.6,142.53,377.2,4,173.51,0,1.0,Analytics
JOB_475,2024-01-01 07:54:00,46.12,5302.89,293.02,569.74,3,70.2,0,0.75,Streaming
JOB_476,2024-01-01 07:55:00,59.5,5005.67,145.92,324.18,4,130.87,0,1.0,IoT
JOB_477,2024-01-01 07:56:00,44.73,8250.0,382.64,528.85,3,117.76,0,0.75,AI
JOB_478,2024-01-01 07:57:00,45.15,9999.5,175.63,618.85,2,98.62,0,0.5,Streaming
JOB_479,2024-01-01 07:58:00,68.16,5734.89,151.39,561.85,4,148.52,0,1.0,Analytics
JOB_480,2024-01-01 07:59:00,45.2,9235.02,87.44,305.1,2,84.37,0,0.5,AI
JOB_481,2024-01-01 08:00:00,50.5,9159.06,482.71,611.84,4,134.95,0,1.0,Web
JOB_482,2024-01-01 08:01:00,61.42,9821.61,71.47,689.49,2,150.91,0,0.5,AI
JOB_483,2024-01-01 08:02:00,67.98,4013.2,371.92,516.42,4,182.77,0,1.0,Analytics
JOB_484,2024-01-01 08:03:00,40.21,8957.91,405.31,499.56,4,61.64,0,1.0,Web
JOB_485,2024-01-01 08:04:00,47.91,5574.82,241.68,638.33,2,113.28,0,0.5,IoT
JOB_486,2024-01-01 08:05:00,69.89,9656.13,270.26,367.57,2,127.01,0,0.5,Streaming
JOB_487,2024-01-01 08:06:00,57.3,8121.3,348.71,316.02,3,120.49,0,0.75,Web
JOB_488,2024-01-01 08:07:00,41.68,4989.69,111.74,646.87,4,78.25,0,1.0,AI
JOB_489,2024-01-01 08:08:00,62.53,5312.42,157.61,239.62,4,164.57,0,1.0,IoT
JOB_490,2024-01-01 08:09:00,55.23,4820.04,290.76,669.36,4,103.36,0,1.0,Streaming
JOB_491,2024-01-01 08:10:00,52.78,5350.8,253.76,638.24,3,129.65,0,0.75,IoT
JOB_492,2024-01-01 08:11:00,48.9,5609.52,141.15,383.16,3,135.21,0,0.75,AI
JOB_493,2024-01-01 08:12:00,74.09,4444.72,426.18,324.14,4,171.49,0,1.0,IoT
JOB_494,2024-01-01 08:13:00,61.97,9346.39,131.24,636.19,4,102.67,0,1.0,Analytics
JOB_495,2024-01-01 08:14:00,52.22,4347.48,106.33,289.53,3,131.59,0,0.75,Streaming
JOB_496,2024-01-01 08:15:00,73.43,8615.39,306.59,225.8,4,171.85,0,1.0,IoT
JOB_497,2024-01-01 08:16:00,66.05,4428.79,288.77,556.19,4,137.4,0,1.0,Streaming
JOB_498,2024-01-01 08:17:00,40.09,8911.96,424.26,699.55,2,94.41,0,0.5,IoT
JOB_499,2024-01-01 08:18:00,52.78,6443.2,188.23,589.67,3,142.22,0,0.75,Web
JOB_500,2024-01-01 08:19:00,60.81,5757.78,139.67,288.0,4,111.98,0,1.0,IoT
JOB_501,2024-01-01 08:20:00,68.45,8530.16,233.45,677.68,3,175.4,0,0.75,AI
JOB_502,2024-01-01 08:21:00,59.36,4943.63,202.68,429.04,4,169.01,0,1.0,Web
JOB_503,2024-01-01 08:22:00,56.13,6513.38,259.13,589.68,4,114.51,0,1.0,Analytics
JOB_504,2024-01-01 08:23:00,50.89,4702.81,397.98,311.09,3,92.9,0,0.75,Analytics
JOB_505,2024-01-01 08:24:00,48.58,7654.62,457.05,516.58,2,77.13,0,0.5,IoT
JOB_506,2024-01-01 08:25:00,70.35,8744.05,205.28,530.56,2,117.6,0,0.5,IoT
JOB_507,2024-01-01 08:26:00,45.24,4579.39,367.37,303.01,4,105.44,0,1.0,AI
JOB_508,2024-01-01 08:27:00,52.96,8433.18,304.92,497.42,3,100.15,0,0.75,Web
JOB_509,2024-01-01 08:28:00,52.19,9381.78,427.34,600.38,3,128.67,0,0.75,AI
JOB_510,2024-01-01 08:29:00,61.52,4698.4,350.68,240.97,4,170.46,0,1.0,Streaming
JOB_511,2024-01-01 08:30:00,47.76,7057.22,167.34,374.98,2,100.57,0,0.5,Streaming
JOB_512,2024-01-01 08:31:00,64.3,5334.0,432.89,448.91,2,125.29,0,0.5,Web
JOB_513,2024-01-01 08:32:00,58.8,9086.6,416.81,313.6,2,150.88,0,0.5,IoT
JOB_514,2024-01-01 08:33:00,40.14,8094.7,200.73,543.29,3,88.09,0,0.75,AI
JOB_515,2024-01-01 08:34:00,58.32,7928.07,388.92,361.58,4,88.05,0,1.0,Web
JOB_516,2024-01-01 08:35:00,74.9,7423.21,483.06,502.83,4,137.33,0,1.0,AI
JOB_517,2024-01-01 08:36:00,55.21,6214.71,59.65,696.36,4,156.88,0,1.0,Web
JOB_518,2024-01-01 08:37:00,46.73,6778.47,273.03,561.97,4,83.33,0,1.0,Analytics
JOB_519,2024-01-01 08:38:00,70.83,6547.95,443.07,213.66,3,174.37,0,0.75,Analytics
JOB_520,2024-01-01 08:39:00,43.09,9680.95,379.38,458.61,3,106.55,0,0.75,Streaming
JOB_521,2024-01-01 08:40:00,65.04,8852.1,153.23,463.83,2,111.67,0,0.5,IoT
JOB_522,2024-01-01 08:41:00,57.97,8982.15,395.35,254.3,2,171.1,0,0.5,Web
JOB_523,2024-01-01 08:42:00,61.82,9264.75,230.84,495.72,3,139.76,0,0.75,Streaming
JOB_524,2024-01-01 08:43:00,50.91,9619.66,130.54,439.35,4,101.88,0,1.0,AI
JOB_525,2024-01-01 08:44:00,67.58,4717.48,285.04,519.81,3,187.83,0,0.75,AI
JOB_526,2024-01-01 08:45:00,56.06,4808.93,422.74,564.63,2,98.15,0,0.5,AI
JOB_527,2024-01-01 08:46:00,61.09,6725.69,453.72,362.95,2,166.79,0,0.5,Analytics
JOB_528,2024-01-01 08:47:00,68.23,4574.02,149.76,505.69,2,169.57,0,0.5,Analytics
JOB_529,2024-01-01 08:48:00,41.61,9422.43,100.07,579.91,2,88.55,0,0.5,Streaming
JOB_530,2024-01-01 08:49:00,56.84,4998.01,496.86,383.2,3,119.27,0,0.75,Analytics
JOB_531,2024-01-01 08:50:00,56.46,9000.74,245.96,222.71,3,108.05,0,0.75,Streaming
JOB_532,2024-01-01 08:51:00,69.15,6554.73,149.68,574.31,4,203.55,0,1.0,Streaming
JOB_533,2024-01-01 08:52:00,41.96,5942.44,56.05,663.97,3,91.23,0,0.75,Web
JOB_534,2024-01-01 08:53:00,62.78,9969.03,191.38,499.49,2,149.24,0,0.5,Web
JOB_535,2024-01-01 08:54:00,41.65,7377.39,196.39,253.38,2,110.86,0,0.5,AI
JOB_536,2024-01-01 08:55:00,61.14,6478.77,444.26,311.18,2,142.75,0,0.5,Web
JOB_537,2024-01-01 08:56:00,70.65,5201.6,430.57,504.95,3,171.6,0,0.75,Web
JOB_538,2024-01-01 08:57:00,56.84,4912.02,220.83,389.85,2,161.12,0,0.5,Web
JOB_539,2024-01-01 08:58:00,44.37,4107.49,178.53,495.25,3,71.14,0,0.75,IoT
JOB_540,2024-01-01 08:59:00,64.75,5219.34,193.74,254.39,4,191.49,0,1.0,Web
JOB_541,2024-01-01 09:00:00,68.54,12642.16,493.42,714.98,2,135.6,0,0.5,AI
JOB_542,2024-01-01 09:01:00,91.83,12221.33,204.18,732.04,5,250.03,1,1.25,Web
JOB_543,2024-01-01 09:02:00,65.88,14222.34,490.64,802.99,2,185.26,0,0.5,AI
JOB_544,2024-01-01 09:03:00,88.35,14773.85,423.75,825.8,4,208.87,0,1.0,Web
JOB_545,2024-01-01 09:04:00,77.47,15268.31,149.76,762.61,2,185.48,0,0.5,Streaming
JOB_546,2024-01-01 09:05:00,68.2,8394.95,53.45,761.09,4,105.79,0,1.0,Analytics
JOB_547,2024-01-01 09:06:00,71.36,8142.56,233.86,599.93,3,120.19,0,0.75,AI
JOB_548,2024-01-01 09:07:00,72.14,11186.97,184.61,733.37,3,179.5,0,0.75,AI
JOB_549,2024-01-01 09:08:00,65.34,8662.13,134.11,912.99,3,113.64,0,0.75,Web
JOB_550,2024-01-01 09:09:00,71.48,13629.15,399.45,628.48,3,158.21,0,0.75,Web
JOB_551,2024-01-01 09:10:00,90.54,15996.07,172.36,991.66,6,265.16,1,1.5,Streaming
JOB_552,2024-01-01 09:11:00,79.87,15296.44,390.08,772.27,2,157.32,0,0.5,IoT
JOB_553,2024-01-01 09:12:00,87.8,13001.59,216.64,961.32,5,234.9,0,1.25,Streaming
JOB_554,2024-01-01 09:13:00,86.81,11209.92,470.62,564.09,6,213.54,0,1.5,IoT
JOB_555,2024-01-01 09:14:00,78.99,15844.9,207.21,904.57,2,178.64,0,0.5,Streaming
JOB_556,2024-01-01 09:15:00,88.29,15129.78,113.22,680.44,7,189.16,0,1.75,Web
JOB_557,2024-01-01 09:16:00,87.61,10009.17,369.2,748.95,5,183.61,0,1.25,Web
JOB_558,2024-01-01 09:17:00,70.23,8783.51,272.29,912.4,2,150.94,0,0.5,AI
JOB_559,2024-01-01 09:18:00,94.17,13361.4,175.11,818.73,5,182.55,0,1.25,Web
JOB_560,2024-01-01 09:19:00,69.98,15040.13,257.34,886.88,4,129.65,0,1.0,AI
JOB_561,2024-01-01 09:20:00,88.6,8757.5,165.46,778.75,6,182.5,0,1.5,AI
JOB_562,2024-01-01 09:21:00,78.96,9069.46,203.44,569.5,3,168.57,0,0.75,Web
JOB_563,2024-01-01 09:22:00,90.43,11719.61,111.39,558.11,6,206.84,0,1.5,Web
JOB_564,2024-01-01 09:23:00,84.42,10621.22,367.52,899.32,3,216.98,0,0.75,Analytics
JOB_565,2024-01-01 09:24:00,69.24,15950.25,299.98,852.57,2,159.93,0,0.5,Streaming
JOB_566,2024-01-01 09:25:00,80.38,13079.37,116.2,773.16,4,181.95,0,1.0,IoT
JOB_567,2024-01-01 09:26:00,81.78,11888.51,95.24,974.14,3,169.42,0,0.75,Analytics
JOB_568,2024-01-01 09:27:00,88.33,8657.76,137.87,524.75,4,154.32,0,1.0,Streaming
JOB_569,2024-01-01 09:28:00,72.08,15109.37,285.7,907.4,4,206.7,0,1.0,Analytics
JOB_570,2024-01-01 09:29:00,71.8,15234.45,488.36,934.89,2,213.66,0,0.5,Streaming
JOB_571,2024-01-01 09:30:00,73.19,15108.66,60.24,981.92,4,213.04,0,1.0,Streaming
JOB_572,2024-01-01 09:31:00,76.52,10239.43,196.35,848.66,3,196.62,0,0.75,Streaming
JOB_573,2024-01-01 09:32:00,72.11,15451.36,421.41,589.81,3,177.43,0,0.75,AI
JOB_574,2024-01-01 09:33:00,72.16,11373.75,488.21,936.84,4,191.22,0,1.0,Streaming
JOB_575,2024-01-01 09:34:00,72.62,9573.54,318.76,912.79,4,189.76,0,1.0,IoT
JOB_576,2024-01-01 09:35:00,76.42,13030.3,444.63,779.5,2,178.84,0,0.5,IoT
JOB_577,2024-01-01 09:36:00,70.98,9925.84,152.77,902.12,3,132.52,0,0.75,Analytics
JOB_578,2024-01-01 09:37:00,75.8,12343.88,440.67,870.07,4,131.58,0,1.0,IoT
JOB_579,2024-01-01 09:38:00,86.13,8968.84,383.13,767.7,6,255.51,1,1.5,Streaming
JOB_580,2024-01-01 09:39:00,68.61,8602.4,362.44,631.92,2,199.52,0,0.5,Web
JOB_581,2024-01-01 09:40:00,76.72,15855.09,228.83,654.11,3,203.21,0,0.75,Streaming
JOB_582,2024-01-01 09:41:00,91.89,11081.9,233.52,930.47,6,232.56,0,1.5,IoT
JOB_583,2024-01-01 09:42:00,71.68,12476.17,418.89,509.84,2,155.2,0,0.5,AI
JOB_584,2024-01-01 09:43:00,81.98,9186.16,335.18,703.42,3,167.39,0,0.75,Streaming
JOB_585,2024-01-01 09:44:00,87.24,13700.22,332.53,985.16,5,164.26,0,1.25,AI
JOB_586,2024-01-01 09:45:00,77.83,13710.84,491.45,578.4,3,151.74,0,0.75,Analytics
JOB_587,2024-01-01 09:46:00,84.39,13348.12,338.17,510.76,3,182.72,0,0.75,AI
JOB_588,2024-01-01 09:47:00,82.33,11550.63,71.1,585.2,4,219.79,0,1.0,AI
JOB_589,2024-01-01 09:48:00,94.07,9346.83,77.11,521.17,4,233.7,0,1.0,AI
JOB_590,2024-01-01 09:49:00,90.08,11154.41,363.11,813.32,5,166.67,0,1.25,Web
JOB_591,2024-01-01 09:50:00,99.56,14636.21,290.13,769.69,4,260.44,1,1.0,IoT
JOB_592,2024-01-01 09:51:00,69.2,13793.11,202.96,816.52,3,126.54,0,0.75,AI
JOB_593,2024-01-01 09:52:00,69.83,12146.29,423.3,894.69,3,117.94,0,0.75,Analytics
JOB_594,2024-01-01 09:53:00,83.19,9619.23,321.01,506.57,3,141.01,0,0.75,Streaming
JOB_595,2024-01-01 09:54:00,95.67,15654.69,400.27,947.41,7,204.17,0,1.75,Streaming
JOB_596,2024-01-01 09:55:00,97.0,12842.08,146.81,989.76,5,146.06,0,1.25,IoT
JOB_597,2024-01-01 09:56:00,96.54,9000.18,262.85,626.02,5,193.75,0,1.25,Streaming
JOB_598,2024-01-01 09:57:00,74.68,11873.34,403.2,821.7,3,154.01,0,0.75,IoT
JOB_599,2024-01-01 09:58:00,74.08,10554.21,149.91,964.07,4,221.58,0,1.0,IoT
JOB_600,2024-01-01 09:59:00,81.42,10215.11,299.5,549.85,3,146.5,0,0.75,AI
JOB_601,2024-01-01 10:00:00,92.64,11059.61,253.3,508.12,5,181.91,0,1.25,Web
JOB_602,2024-01-01 10:01:00,98.81,12480.68,73.22,691.73,7,230.99,0,1.75,IoT
JOB_603,2024-01-01 10:02:00,67.62,14243.98,422.54,830.09,4,158.06,0,1.0,IoT
JOB_604,2024-01-01 10:03:00,69.0,11696.15,152.16,921.14,4,176.88,0,1.0,Web
JOB_605,2024-01-01 10:04:00,69.12,15780.48,242.4,944.75,3,170.18,0,0.75,Analytics
JOB_606,2024-01-01 10:05:00,89.79,8634.76,170.53,897.21,7,212.7,0,1.75,Analytics
JOB_607,2024-01-01 10:06:00,93.1,15085.65,441.84,602.51,7,150.14,0,1.75,Streaming
JOB_608,2024-01-01 10:07:00,93.82,11656.35,416.11,717.23,7,214.84,0,1.75,IoT
JOB_609,2024-01-01 10:08:00,71.76,10740.68,110.23,961.71,2,213.4,0,0.5,Streaming
JOB_610,2024-01-01 10:09:00,76.63,13490.53,459.97,898.13,2,155.96,0,0.5,AI
JOB_611,2024-01-01 10:10:00,74.81,8085.71,410.62,691.39,4,144.48,0,1.0,Web
JOB_612,2024-01-01 10:11:00,82.6,12352.87,445.91,900.95,4,148.97,0,1.0,IoT
JOB_613,2024-01-01 10:12:00,70.98,11271.37,293.48,829.72,3,120.04,0,0.75,Analytics
JOB_614,2024-01-01 10:13:00,94.69,13517.79,303.39,776.48,6,282.95,1,1.5,Web
JOB_615,2024-01-01 10:14:00,94.38,15124.58,348.32,546.85,7,162.82,0,1.75,Streaming
JOB_616,2024-01-01 10:15:00,79.1,12748.61,295.88,843.08,2,149.52,0,0.5,IoT
JOB_617,2024-01-01 10:16:00,69.61,12987.14,316.98,684.64,2,142.74,0,0.5,Streaming
JOB_618,2024-01-01 10:17:00,84.43,9439.99,420.2,656.27,4,145.97,0,1.0,AI
JOB_619,2024-01-01 10:18:00,98.34,8038.09,178.88,856.56,6,169.99,0,1.5,Web
JOB_620,2024-01-01 10:19:00,91.67,13729.68,247.79,610.64,4,180.91,0,1.0,Streaming
JOB_621,2024-01-01 10:20:00,88.22,13478.14,424.39,968.5,6,228.54,0,1.5,IoT
JOB_622,2024-01-01 10:21:00,74.84,9715.84,385.18,676.06,3,113.17,0,0.75,Analytics
JOB_623,2024-01-01 10:22:00,81.97,9110.2,214.69,508.68,3,158.61,0,0.75,Streaming
JOB_624,2024-01-01 10:23:00,85.91,12370.18,467.8,702.85,7,231.59,0,1.75,Streaming
JOB_625,2024-01-01 10:24:00,84.1,12711.05,300.48,973.68,3,225.22,0,0.75,AI
JOB_626,2024-01-01 10:25:00,70.45,8831.64,185.78,964.44,2,130.58,0,0.5,Web
JOB_627,2024-01-01 10:26:00,98.15,14589.92,316.17,871.79,4,291.36,1,1.0,AI
JOB_628,2024-01-01 10:27:00,71.92,10466.66,453.96,900.7,4,109.16,0,1.0,Analytics
JOB_629,2024-01-01 10:28:00,89.54,10817.19,473.08,511.88,4,145.61,0,1.0,Web
JOB_630,2024-01-01 10:29:00,92.78,10672.29,297.87,843.3,5,212.06,0,1.25,AI
JOB_631,2024-01-01 10:30:00,92.99,12278.59,353.1,501.29,6,214.38,0,1.5,AI
JOB_632,2024-01-01 10:31:00,87.19,8811.44,125.2,908.31,7,184.02,0,1.75,Web
JOB_633,2024-01-01 10:32:00,72.85,11487.39,270.06,719.61,4,110.7,0,1.0,Streaming
JOB_634,2024-01-01 10:33:00,88.58,15006.51,390.52,693.61,4,259.11,1,1.0,IoT
JOB_635,2024-01-01 10:34:00,87.82,15019.3,280.46,893.54,4,215.92,0,1.0,Analytics
JOB_636,2024-01-01 10:35:00,82.03,8984.51,51.95,692.1,3,167.17,0,0.75,Analytics
JOB_637,2024-01-01 10:36:00,72.02,15089.25,260.71,916.23,3,111.28,0,0.75,Analytics
JOB_638,2024-01-01 10:37:00,68.96,9368.29,438.05,697.43,2,157.62,0,0.5,Analytics
JOB_639,2024-01-01 10:38:00,70.06,10286.84,211.44,645.12,4,129.02,0,1.0,IoT
JOB_640,2024-01-01 10:39:00,78.2,13557.23,111.11,812.89,3,131.37,0,0.75,Streaming
JOB_641,2024-01-01 10:40:00,99.98,8502.43,69.53,938.79,4,185.23,0,1.0,Streaming
JOB_642,2024-01-01 10:41:00,81.73,14299.46,188.03,691.87,4,172.42,0,1.0,Analytics
JOB_643,2024-01-01 10:42:00,65.42,12451.88,382.04,932.54,4,159.95,0,1.0,AI
JOB_644,2024-01-01 10:43:00,73.75,8184.7,398.69,627.51,2,151.12,0,0.5,Web
JOB_645,2024-01-01 10:44:00,97.01,8574.76,430.54,631.76,7,149.31,0,1.75,IoT
JOB_646,2024-01-01 10:45:00,94.53,11597.99,196.25,725.5,6,250.8,1,1.5,Streaming
JOB_647,2024-01-01 10:46:00,78.71,8107.01,127.59,513.37,3,164.38,0,0.75,IoT
JOB_648,2024-01-01 10:47:00,88.83,10676.99,66.72,854.93,6,243.54,0,1.5,Streaming
JOB_649,2024-01-01 10:48:00,65.84,8290.86,232.58,943.15,3,112.31,0,0.75,Streaming
JOB_650,2024-01-01 10:49:00,92.12,15599.5,185.6,846.39,5,173.09,0,1.25,AI
JOB_651,2024-01-01 10:50:00,95.79,13383.47,359.76,822.87,7,270.23,1,1.75,IoT
JOB_652,2024-01-01 10:51:00,74.09,11439.05,357.7,593.01,2,214.93,0,0.5,AI
JOB_653,2024-01-01 10:52:00,95.74,8498.5,186.54,900.98,4,145.55,0,1.0,Streaming
JOB_654,2024-01-01 10:53:00,90.55,12988.05,438.78,714.33,6,256.74,1,1.5,AI
JOB_655,2024-01-01 10:54:00,99.22,11080.12,162.58,864.34,5,266.91,1,1.25,IoT
JOB_656,2024-01-01 10:55:00,85.86,11857.93,240.84,999.92,4,202.42,0,1.0,IoT
JOB_657,2024-01-01 10:56:00,78.73,10616.69,138.37,969.7,2,183.04,0,0.5,Web
JOB_658,2024-01-01 10:57:00,78.43,13211.87,391.19,554.4,2,163.36,0,0.5,Web
JOB_659,2024-01-01 10:58:00,73.42,13475.87,388.5,815.46,4,193.31,0,1.0,Web
JOB_660,2024-01-01 10:59:00,85.85,14586.85,282.56,562.12,6,216.89,0,1.5,AI
JOB_661,2024-01-01 11:00:00,85.99,10499.7,377.03,949.36,7,192.89,0,1.75,Analytics
JOB_662,2024-01-01 11:01:00,82.97,15984.97,171.75,568.68,3,189.07,0,0.75,IoT
JOB_663,2024-01-01 11:02:00,65.54,14070.64,66.37,753.91,3,148.12,0,0.75,AI
JOB_664,2024-01-01 11:03:00,92.17,14238.68,434.85,827.16,4,188.88,0,1.0,IoT
JOB_665,2024-01-01 11:04:00,71.86,12854.53,262.04,581.72,3,123.43,0,0.75,Analytics
JOB_666,2024-01-01 11:05:00,77.95,8573.17,383.01,555.77,2,182.65,0,0.5,AI
JOB_667,2024-01-01 11:06:00,65.44,13119.29,388.9,644.58,3,192.72,0,0.75,IoT
JOB_668,2024-01-01 11:07:00,80.21,14786.7,433.44,587.93,3,207.19,0,0.75,Analytics
JOB_669,2024-01-01 11:08:00,81.96,14310.46,190.73,632.47,3,197.4,0,0.75,AI
JOB_670,2024-01-01 11:09:00,91.35,12769.65,85.61,630.31,5,224.54,0,1.25,Streaming
JOB_671,2024-01-01 11:10:00,92.13,14593.18,381.93,594.32,5,205.43,0,1.25,AI
JOB_672,2024-01-01 11:11:00,82.69,10288.35,405.26,646.0,4,170.01,0,1.0,AI
JOB_673,2024-01-01 11:12:00,93.56,11244.91,265.46,563.71,5,182.97,0,1.25,Web
JOB_674,2024-01-01 11:13:00,98.46,14346.22,466.58,872.38,5,260.6,1,1.25,IoT
JOB_675,2024-01-01 11:14:00,75.98,11405.73,116.8,991.97,2,176.67,0,0.5,AI
JOB_676,2024-01-01 11:15:00,74.31,15225.57,384.1,857.36,3,129.28,0,0.75,IoT
JOB_677,2024-01-01 11:16:00,86.87,12766.8,267.92,620.91,6,253.88,1,1.5,AI
JOB_678,2024-01-01 11:17:00,78.59,11521.32,147.81,632.41,3,230.64,0,0.75,IoT
JOB_679,2024-01-01 11:18:00,87.74,9239.88,394.46,624.9,4,224.91,0,1.0,Analytics
JOB_680,2024-01-01 11:19:00,81.67,15419.93,271.83,784.42,3,208.4,0,0.75,Analytics
JOB_681,2024-01-01 11:20:00,70.29,11284.08,430.1,578.38,2,120.66,0,0.5,IoT
JOB_682,2024-01-01 11:21:00,69.32,8821.5,488.19,556.81,4,129.8,0,1.0,Streaming
JOB_683,2024-01-01 11:22:00,82.14,10353.06,222.01,888.85,4,222.75,0,1.0,Web
JOB_684,2024-01-01 11:23:00,75.54,14935.0,250.59,739.68,4,116.42,0,1.0,Web
JOB_685,2024-01-01 11:24:00,74.02,11506.53,60.43,505.79,2,134.72,0,0.5,IoT
JOB_686,2024-01-01 11:25:00,72.61,14178.15,272.32,599.68,3,125.46,0,0.75,Web
JOB_687,2024-01-01 11:26:00,97.8,8332.6,422.4,904.2,4,194.86,0,1.0,Streaming
JOB_688,2024-01-01 11:27:00,75.8,14692.27,171.49,564.89,3,216.17,0,0.75,AI
JOB_689,2024-01-01 11:28:00,82.9,13655.37,473.24,989.59,4,155.33,0,1.0,IoT
JOB_690,2024-01-01 11:29:00,66.8,14956.17,78.44,870.32,4,128.4,0,1.0,Web
JOB_691,2024-01-01 11:30:00,77.01,9038.23,430.08,705.64,3,151.94,0,0.75,IoT
JOB_692,2024-01-01 11:31:00,75.08,14157.79,282.55,972.38,4,168.53,0,1.0,IoT
JOB_693,2024-01-01 11:32:00,88.95,12959.64,375.82,609.26,4,257.17,1,1.0,AI
JOB_694,2024-01-01 11:33:00,90.73,14454.38,395.0,775.72,7,163.49,0,1.75,Analytics
JOB_695,2024-01-01 11:34:00,88.41,8358.52,411.31,610.03,6,173.92,0,1.5,IoT
JOB_696,2024-01-01 11:35:00,90.65,13603.37,332.07,705.8,6,154.28,0,1.5,Web
JOB_697,2024-01-01 11:36:00,85.66,11147.5,172.23,937.47,7,202.51,0,1.75,AI
JOB_698,2024-01-01 11:37:00,79.83,13114.77,178.7,969.93,2,210.87,0,0.5,IoT
JOB_699,2024-01-01 11:38:00,94.87,10525.45,348.0,781.51,7,166.85,0,1.75,AI
JOB_700,2024-01-01 11:39:00,66.57,10843.24,304.82,702.26,2,122.7,0,0.5,Web
JOB_701,2024-01-01 11:40:00,84.35,10562.73,388.47,579.26,3,221.47,0,0.75,Streaming
JOB_702,2024-01-01 11:41:00,89.3,11614.88,242.89,874.61,7,252.99,1,1.75,Streaming
JOB_703,2024-01-01 11:42:00,79.76,9613.84,338.07,989.62,4,230.01,0,1.0,IoT
JOB_704,2024-01-01 11:43:00,68.4,10047.44,460.96,921.01,4,190.54,0,1.0,IoT
JOB_705,2024-01-01 11:44:00,94.47,15852.76,213.5,960.72,7,197.22,0,1.75,IoT
JOB_706,2024-01-01 11:45:00,85.0,9043.3,311.96,546.53,2,233.78,0,0.5,Analytics
JOB_707,2024-01-01 11:46:00,78.54,14250.63,394.91,999.37,2,153.13,0,0.5,Streaming
JOB_708,2024-01-01 11:47:00,82.74,9601.23,459.54,788.08,4,187.91,0,1.0,AI
JOB_709,2024-01-01 11:48:00,84.11,12064.37,498.56,754.17,2,230.78,0,0.5,Web
JOB_710,2024-01-01 11:49:00,91.05,9078.66,135.12,584.96,4,183.62,0,1.0,IoT
JOB_711,2024-01-01 11:50:00,74.14,9891.31,471.04,674.54,3,114.74,0,0.75,IoT
JOB_712,2024-01-01 11:51:00,91.11,11360.92,53.98,818.14,7,229.6,0,1.75,Web
JOB_713,2024-01-01 11:52:00,69.06,13097.36,489.54,645.79,2,123.45,0,0.5,AI
JOB_714,2024-01-01 11:53:00,97.25,15672.23,124.41,691.52,7,267.0,1,1.75,AI
JOB_715,2024-01-01 11:54:00,76.33,13066.21,315.7,927.64,2,198.98,0,0.5,AI
JOB_716,2024-01-01 11:55:00,68.56,12360.16,279.19,834.28,2,137.74,0,0.5,AI
JOB_717,2024-01-01 11:56:00,90.65,13571.43,163.74,953.25,5,257.98,1,1.25,IoT
JOB_718,2024-01-01 11:57:00,99.28,9217.96,181.04,520.08,5,197.31,0,1.25,Analytics
JOB_719,2024-01-01 11:58:00,75.05,11044.27,68.43,524.7,3,188.09,0,0.75,IoT
JOB_720,2024-01-01 11:59:00,90.2,11704.99,395.38,596.84,4,160.27,0,1.0,IoT
JOB_721,2024-01-01 12:00:00,87.78,13448.84,383.54,510.21,4,237.34,0,1.0,IoT
JOB_722,2024-01-01 12:01:00,97.3,10607.89,296.81,734.96,4,209.11,0,1.0,Streaming
JOB_723,2024-01-01 12:02:00,95.67,14283.15,300.08,986.9,4,242.0,0,1.0,Web
JOB_724,2024-01-01 12:03:00,88.58,15220.74,210.05,885.19,7,159.12,0,1.75,Analytics
JOB_725,2024-01-01 12:04:00,76.53,12768.99,302.99,515.94,4,204.83,0,1.0,Streaming
JOB_726,2024-01-01 12:05:00,82.2,8863.61,169.03,857.18,3,152.19,0,0.75,Streaming
JOB_727,2024-01-01 12:06:00,92.52,15269.23,171.65,902.6,7,154.07,0,1.75,Streaming
JOB_728,2024-01-01 12:07:00,67.03,14093.26,494.55,585.97,3,161.15,0,0.75,Analytics
JOB_729,2024-01-01 12:08:00,75.38,15304.37,80.31,681.36,4,135.61,0,1.0,Streaming
JOB_730,2024-01-01 12:09:00,71.25,11679.28,315.89,567.41,3,176.05,0,0.75,Streaming
JOB_731,2024-01-01 12:10:00,70.34,15458.32,187.06,589.91,2,138.36,0,0.5,AI
JOB_732,2024-01-01 12:11:00,69.92,15704.82,87.63,978.66,2,177.3,0,0.5,Web
JOB_733,2024-01-01 12:12:00,68.49,13750.92,330.72,671.68,2,154.53,0,0.5,AI
JOB_734,2024-01-01 12:13:00,75.8,9327.46,176.19,534.51,4,163.91,0,1.0,Streaming
JOB_735,2024-01-01 12:14:00,76.89,8400.46,98.64,982.2,3,229.2,0,0.75,Web
JOB_736,2024-01-01 12:15:00,94.59,9334.06,114.87,855.24,7,259.58,1,1.75,Web
JOB_737,2024-01-01 12:16:00,75.78,12494.78,215.38,939.13,3,130.38,0,0.75,Web
JOB_738,2024-01-01 12:17:00,78.49,12532.29,166.24,841.61,4,147.18,0,1.0,Streaming
JOB_739,2024-01-01 12:18:00,81.1,12097.68,353.5,981.25,3,183.69,0,0.75,Streaming
JOB_740,2024-01-01 12:19:00,92.06,9869.61,472.54,664.61,6,167.32,0,1.5,IoT
JOB_741,2024-01-01 12:20:00,92.33,8650.35,147.6,862.69,4,255.6,1,1.0,Analytics
JOB_742,2024-01-01 12:21:00,84.1,12687.39,75.29,631.54,3,196.0,0,0.75,Streaming
JOB_743,2024-01-01 12:22:00,74.99,14805.14,116.23,518.66,3,143.76,0,0.75,Web
JOB_744,2024-01-01 12:23:00,84.55,8804.23,155.54,756.43,2,185.84,0,0.5,Web
JOB_745,2024-01-01 12:24:00,90.91,15205.62,74.86,707.57,7,223.35,0,1.75,Streaming
JOB_746,2024-01-01 12:25:00,97.9,11683.54,199.92,971.19,5,186.69,0,1.25,Streaming
JOB_747,2024-01-01 12:26:00,74.42,13551.01,442.71,777.08,3,137.52,0,0.75,Streaming
JOB_748,2024-01-01 12:27:00,90.06,9467.25,345.94,957.02,7,146.32,0,1.75,IoT
JOB_749,2024-01-01 12:28:00,77.06,10355.26,57.79,563.49,4,172.07,0,1.0,Web
JOB_750,2024-01-01 12:29:00,98.61,9002.73,141.09,620.56,6,167.62,0,1.5,AI
JOB_751,2024-01-01 12:30:00,92.18,12865.92,428.86,908.7,4,237.13,0,1.0,Streaming
JOB_752,2024-01-01 12:31:00,87.91,10870.6,296.12,883.72,7,232.6,0,1.75,Analytics
JOB_753,2024-01-01 12:32:00,80.16,13198.82,444.99,954.62,3,144.24,0,0.75,IoT
JOB_754,2024-01-01 12:33:00,65.31,14742.25,317.81,930.97,3,101.33,0,0.75,Web
JOB_755,2024-01-01 12:34:00,83.29,14198.55,332.77,857.8,3,130.04,0,0.75,Analytics
JOB_756,2024-01-01 12:35:00,93.78,12112.89,347.2,551.49,6,211.33,0,1.5,IoT
JOB_757,2024-01-01 12:36:00,79.1,9150.91,200.17,976.18,2,181.83,0,0.5,AI
JOB_758,2024-01-01 12:37:00,78.92,8555.48,164.32,546.21,3,152.02,0,0.75,AI
JOB_759,2024-01-01 12:38:00,93.67,8937.18,430.6,716.5,6,252.78,1,1.5,IoT
JOB_760,2024-01-01 12:39:00,74.66,9108.34,75.92,561.81,2,201.34,0,0.5,AI
JOB_761,2024-01-01 12:40:00,76.4,8747.87,336.37,845.56,3,198.13,0,0.75,Analytics
JOB_762,2024-01-01 12:41:00,86.89,15708.93,295.39,523.38,5,145.01,0,1.25,Web
JOB_763,2024-01-01 12:42:00,75.42,12498.57,149.86,670.34,4,126.78,0,1.0,Analytics
JOB_764,2024-01-01 12:43:00,79.57,15444.8,466.31,739.59,4,157.92,0,1.0,Streaming
JOB_765,2024-01-01 12:44:00,78.47,13710.07,109.37,531.21,2,164.95,0,0.5,AI
JOB_766,2024-01-01 12:45:00,73.56,9447.13,331.24,939.52,2,144.8,0,0.5,AI
JOB_767,2024-01-01 12:46:00,82.55,12902.21,455.42,809.58,3,236.02,0,0.75,Web
JOB_768,2024-01-01 12:47:00,86.08,15920.81,272.37,700.69,6,188.61,0,1.5,AI
JOB_769,2024-01-01 12:48:00,99.39,13768.54,226.25,577.17,6,276.92,1,1.5,Streaming
JOB_770,2024-01-01 12:49:00,66.0,11829.0,233.23,595.23,4,112.66,0,1.0,AI
JOB_771,2024-01-01 12:50:00,99.71,12715.57,107.98,911.61,6,295.14,1,1.5,AI
JOB_772,2024-01-01 12:51:00,97.06,12354.36,272.17,713.61,4,274.02,1,1.0,Analytics
JOB_773,2024-01-01 12:52:00,93.07,14214.97,211.13,916.86,4,270.1,1,1.0,Web
JOB_774,2024-01-01 12:53:00,95.84,8319.17,143.7,958.13,6,176.45,0,1.5,Streaming
JOB_775,2024-01-01 12:54:00,83.75,13047.02,430.25,965.99,3,128.88,0,0.75,Web
JOB_776,2024-01-01 12:55:00,81.09,15612.32,197.54,735.48,2,232.07,0,0.5,IoT
JOB_777,2024-01-01 12:56:00,85.53,12338.44,187.61,609.5,7,186.07,0,1.75,Analytics
JOB_778,2024-01-01 12:57:00,67.97,15343.72,270.57,703.94,2,104.67,0,0.5,IoT
JOB_779,2024-01-01 12:58:00,69.86,14519.38,448.67,913.7,3,183.01,0,0.75,Web
JOB_780,2024-01-01 12:59:00,66.21,11010.24,468.52,908.72,3,161.31,0,0.75,Streaming
JOB_781,2024-01-01 13:00:00,82.46,11215.75,305.86,541.28,3,197.53,0,0.75,Streaming
JOB_782,2024-01-01 13:01:00,65.49,14281.68,76.87,827.38,4,146.35,0,1.0,AI
JOB_783,2024-01-01 13:02:00,65.24,9679.01,373.93,729.7,2,159.32,0,0.5,Analytics
JOB_784,2024-01-01 13:03:00,78.58,10309.12,258.16,777.15,2,233.06,0,0.5,Streaming
JOB_785,2024-01-01 13:04:00,81.89,13819.71,198.65,523.26,4,198.85,0,1.0,IoT
JOB_786,2024-01-01 13:05:00,81.18,9656.29,256.47,762.49,2,180.51,0,0.5,IoT
JOB_787,2024-01-01 13:06:00,97.04,13177.7,401.12,698.28,5,154.23,0,1.25,Analytics
JOB_788,2024-01-01 13:07:00,93.7,12428.29,447.44,952.17,5,203.81,0,1.25,Analytics
JOB_789,2024-01-01 13:08:00,67.32,13115.23,306.17,897.78,3,184.37,0,0.75,Web
JOB_790,2024-01-01 13:09:00,82.7,15914.62,290.1,634.84,4,126.85,0,1.0,Analytics
JOB_791,2024-01-01 13:10:00,93.81,13210.69,224.98,786.6,4,276.74,1,1.0,Analytics
JOB_792,2024-01-01 13:11:00,77.96,8691.26,343.27,532.31,4,190.95,0,1.0,Streaming
JOB_793,2024-01-01 13:12:00,72.6,10155.84,158.86,653.59,4,190.7,0,1.0,Streaming
JOB_794,2024-01-01 13:13:00,69.68,9526.54,214.6,674.85,3,114.4,0,0.75,AI
JOB_795,2024-01-01 13:14:00,68.89,10769.84,399.01,548.61,3,105.62,0,0.75,IoT
JOB_796,2024-01-01 13:15:00,74.91,14108.9,93.06,722.26,4,194.28,0,1.0,IoT
JOB_797,2024-01-01 13:16:00,74.74,11591.19,317.25,580.63,4,176.19,0,1.0,IoT
JOB_798,2024-01-01 13:17:00,86.14,13836.23,440.22,875.81,7,250.67,1,1.75,Analytics
JOB_799,2024-01-01 13:18:00,78.35,8887.45,331.52,710.38,2,145.08,0,0.5,AI
JOB_800,2024-01-01 13:19:00,65.7,10147.04,54.48,761.41,2,134.73,0,0.5,AI
JOB_801,2024-01-01 13:20:00,76.23,15469.52,151.33,599.97,4,153.18,0,1.0,Streaming
JOB_802,2024-01-01 13:21:00,89.43,8602.14,497.82,773.11,4,144.92,0,1.0,Analytics
JOB_803,2024-01-01 13:22:00,85.18,8418.28,294.95,747.84,7,187.92,0,1.75,Web
JOB_804,2024-01-01 13:23:00,87.32,13299.1,336.56,684.8,5,147.26,0,1.25,IoT
JOB_805,2024-01-01 13:24:00,83.62,15734.19,224.88,741.8,2,172.71,0,0.5,Streaming
JOB_806,2024-01-01 13:25:00,74.34,15249.01,138.92,722.76,4,196.46,0,1.0,AI
JOB_807,2024-01-01 13:26:00,70.74,9615.56,488.75,526.01,3,111.57,0,0.75,AI
JOB_808,2024-01-01 13:27:00,72.79,11505.52,249.34,891.17,2,163.21,0,0.5,AI
JOB_809,2024-01-01 13:28:00,88.76,15016.03,486.82,659.85,4,168.26,0,1.0,Web
JOB_810,2024-01-01 13:29:00,74.65,8863.82,84.86,830.24,3,148.86,0,0.75,Analytics
JOB_811,2024-01-01 13:30:00,82.85,14267.64,309.47,737.02,4,146.9,0,1.0,Analytics
JOB_812,2024-01-01 13:31:00,81.59,12968.01,404.18,990.15,4,173.91,0,1.0,Web
JOB_813,2024-01-01 13:32:00,77.61,8267.99,416.98,918.83,2,161.21,0,0.5,Streaming
JOB_814,2024-01-01 13:33:00,82.83,11034.68,385.42,984.66,3,146.18,0,0.75,Web
JOB_815,2024-01-01 13:34:00,74.05,8222.02,112.34,750.63,2,132.9,0,0.5,Analytics
JOB_816,2024-01-01 13:35:00,88.77,12661.18,169.51,809.01,5,215.21,0,1.25,AI
JOB_817,2024-01-01 13:36:00,75.69,14735.42,433.94,893.3,2,194.0,0,0.5,IoT
JOB_818,2024-01-01 13:37:00,73.02,12946.84,90.17,993.77,3,181.93,0,0.75,AI
JOB_819,2024-01-01 13:38:00,88.6,9883.25,258.36,669.37,6,229.33,0,1.5,AI
JOB_820,2024-01-01 13:39:00,79.1,15396.76,456.59,657.4,3,155.89,0,0.75,AI
JOB_821,2024-01-01 13:40:00,76.83,11330.47,88.56,577.18,3,175.06,0,0.75,IoT
JOB_822,2024-01-01 13:41:00,83.02,15760.09,239.28,760.71,2,142.34,0,0.5,Analytics
JOB_823,2024-01-01 13:42:00,77.0,14299.09,334.22,644.24,2,171.57,0,0.5,AI
JOB_824,2024-01-01 13:43:00,87.75,13964.05,143.5,601.25,6,172.51,0,1.5,IoT
JOB_825,2024-01-01 13:44:00,82.92,10628.27,90.34,580.21,2,204.32,0,0.5,Analytics
JOB_826,2024-01-01 13:45:00,74.92,15710.03,145.73,559.16,4,142.72,0,1.0,Analytics
JOB_827,2024-01-01 13:46:00,71.41,9780.4,489.46,865.19,4,148.21,0,1.0,Streaming
JOB_828,2024-01-01 13:47:00,73.91,12750.12,83.08,681.3,3,133.47,0,0.75,Web
JOB_829,2024-01-01 13:48:00,90.29,10545.58,300.25,525.16,6,181.36,0,1.5,Web
JOB_830,2024-01-01 13:49:00,88.78,14388.57,164.54,955.14,7,218.46,0,1.75,AI
JOB_831,2024-01-01 13:50:00,72.52,13611.92,479.45,975.15,3,204.69,0,0.75,Streaming
JOB_832,2024-01-01 13:51:00,91.22,14023.05,411.07,609.13,7,271.8,1,1.75,Web
JOB_833,2024-01-01 13:52:00,85.65,11731.18,350.07,880.93,4,246.75,0,1.0,Web
JOB_834,2024-01-01 13:53:00,97.92,9099.47,84.96,682.98,4,225.39,0,1.0,Web
JOB_835,2024-01-01 13:54:00,97.23,15918.16,117.92,792.88,6,158.16,0,1.5,Analytics
JOB_836,2024-01-01 13:55:00,78.99,12470.71,432.56,754.62,2,200.89,0,0.5,Analytics
JOB_837,2024-01-01 13:56:00,79.06,15624.27,153.28,938.66,2,197.17,0,0.5,IoT
JOB_838,2024-01-01 13:57:00,90.38,12358.77,238.19,535.46,4,209.23,0,1.0,IoT
JOB_839,2024-01-01 13:58:00,79.88,15399.98,298.6,673.92,2,234.07,0,0.5,Streaming
JOB_840,2024-01-01 13:59:00,65.14,13606.02,485.26,604.42,4,129.64,0,1.0,Web
JOB_841,2024-01-01 14:00:00,81.86,13242.14,63.87,972.68,2,227.93,0,0.5,Streaming
JOB_842,2024-01-01 14:01:00,75.55,9995.08,103.35,749.49,3,161.88,0,0.75,IoT
JOB_843,2024-01-01 14:02:00,91.36,14043.3,272.7,918.45,4,217.93,0,1.0,Analytics
JOB_844,2024-01-01 14:03:00,72.12,11059.93,268.88,688.81,3,151.75,0,0.75,Analytics
JOB_845,2024-01-01 14:04:00,94.38,15421.4,110.21,883.78,7,170.36,0,1.75,IoT
JOB_846,2024-01-01 14:05:00,84.75,13003.26,480.25,742.32,3,222.65,0,0.75,Web
JOB_847,2024-01-01 14:06:00,80.71,8596.99,230.43,705.76,2,223.44,0,0.5,Streaming
JOB_848,2024-01-01 14:07:00,99.7,10950.77,336.9,546.4,5,154.85,0,1.25,AI
JOB_849,2024-01-01 14:08:00,67.32,14970.49,414.48,994.34,4,159.06,0,1.0,Streaming
JOB_850,2024-01-01 14:09:00,84.02,11187.88,220.08,944.18,2,140.83,0,0.5,Web
JOB_851,2024-01-01 14:10:00,65.43,9696.86,129.64,936.26,4,136.36,0,1.0,Analytics
JOB_852,2024-01-01 14:11:00,80.49,14059.73,493.92,637.45,3,194.96,0,0.75,IoT
JOB_853,2024-01-01 14:12:00,92.53,13182.09,151.9,620.22,4,232.37,0,1.0,Web
JOB_854,2024-01-01 14:13:00,96.19,13341.3,291.89,524.27,5,263.88,1,1.25,Web
JOB_855,2024-01-01 14:14:00,98.4,15390.8,350.82,689.3,7,170.49,0,1.75,Web
JOB_856,2024-01-01 14:15:00,99.33,14794.54,195.4,852.9,4,221.85,0,1.0,Web
JOB_857,2024-01-01 14:16:00,86.73,14809.68,204.39,672.12,4,138.19,0,1.0,Web
JOB_858,2024-01-01 14:17:00,76.35,11236.21,225.72,517.6,3,131.07,0,0.75,Streaming
JOB_859,2024-01-01 14:18:00,73.36,11030.54,218.67,791.81,4,170.12,0,1.0,Streaming
JOB_860,2024-01-01 14:19:00,71.89,12747.96,308.03,999.11,2,132.28,0,0.5,Analytics
JOB_861,2024-01-01 14:20:00,99.58,11452.62,365.51,642.99,5,166.47,0,1.25,Web
JOB_862,2024-01-01 14:21:00,79.94,13144.49,181.82,979.15,2,173.9,0,0.5,AI
JOB_863,2024-01-01 14:22:00,85.13,10480.03,360.66,624.32,7,252.04,1,1.75,Analytics
JOB_864,2024-01-01 14:23:00,74.18,10489.82,489.9,512.13,2,123.97,0,0.5,Web
JOB_865,2024-01-01 14:24:00,96.88,10990.76,88.43,671.61,5,244.87,0,1.25,IoT
JOB_866,2024-01-01 14:25:00,90.17,15091.56,223.34,769.67,5,221.17,0,1.25,Analytics
JOB_867,2024-01-01 14:26:00,75.69,8979.48,147.16,847.64,3,141.57,0,0.75,AI
JOB_868,2024-01-01 14:27:00,99.37,8065.51,50.09,546.04,6,287.5,1,1.5,Analytics
JOB_869,2024-01-01 14:28:00,89.07,12125.19,194.83,927.22,4,220.46,0,1.0,IoT
JOB_870,2024-01-01 14:29:00,69.81,11982.3,396.84,502.9,3,158.49,0,0.75,AI
JOB_871,2024-01-01 14:30:00,99.68,9969.59,142.35,624.78,7,229.73,0,1.75,IoT
JOB_872,2024-01-01 14:31:00,88.63,9111.02,288.55,612.57,5,192.87,0,1.25,IoT
JOB_873,2024-01-01 14:32:00,83.27,14982.85,354.05,907.88,2,158.0,0,0.5,AI
JOB_874,2024-01-01 14:33:00,79.54,10805.91,307.21,547.81,2,142.69,0,0.5,Web
JOB_875,2024-01-01 14:34:00,97.42,12723.42,432.4,918.6,4,149.84,0,1.0,Web
JOB_876,2024-01-01 14:35:00,67.25,12504.83,473.11,690.17,2,197.73,0,0.5,Streaming
JOB_877,2024-01-01 14:36:00,72.12,8646.72,265.02,981.68,2,208.82,0,0.5,Web
JOB_878,2024-01-01 14:37:00,90.66,15040.83,397.64,825.4,6,160.7,0,1.5,Analytics
JOB_879,2024-01-01 14:38:00,95.03,12331.83,448.37,828.48,4,242.79,0,1.0,Analytics
JOB_880,2024-01-01 14:39:00,66.73,12314.88,350.5,740.68,3,167.63,0,0.75,Analytics
JOB_881,2024-01-01 14:40:00,81.98,9053.23,404.4,785.76,2,141.96,0,0.5,Streaming
JOB_882,2024-01-01 14:41:00,94.7,13781.17,363.23,873.52,5,252.37,1,1.25,Web
JOB_883,2024-01-01 14:42:00,91.35,11020.28,63.37,825.94,7,193.06,0,1.75,AI
JOB_884,2024-01-01 14:43:00,74.12,9224.04,407.3,519.38,2,133.49,0,0.5,IoT
JOB_885,2024-01-01 14:44:00,91.34,13687.53,440.94,630.31,7,183.8,0,1.75,Streaming
JOB_886,2024-01-01 14:45:00,96.12,13661.24,266.36,913.87,4,179.94,0,1.0,Web
JOB_887,2024-01-01 14:46:00,97.12,15851.69,311.22,566.51,6,221.56,0,1.5,Web
JOB_888,2024-01-01 14:47:00,80.88,12121.35,140.03,962.78,3,193.27,0,0.75,AI
JOB_889,2024-01-01 14:48:00,99.69,13375.11,479.54,572.68,6,283.15,1,1.5,Web
JOB_890,2024-01-01 14:49:00,75.92,12658.32,417.82,888.61,2,169.24,0,0.5,Streaming
JOB_891,2024-01-01 14:50:00,72.23,13326.88,438.43,517.58,3,196.04,0,0.75,Analytics
JOB_892,2024-01-01 14:51:00,99.86,13284.65,90.03,992.64,5,275.29,1,1.25,Analytics
JOB_893,2024-01-01 14:52:00,88.74,14637.92,186.74,598.0,4,213.5,0,1.0,IoT
JOB_894,2024-01-01 14:53:00,93.71,9848.55,274.24,689.12,6,150.57,0,1.5,IoT
JOB_895,2024-01-01 14:54:00,77.72,13455.17,305.28,604.17,2,229.55,0,0.5,Web
JOB_896,2024-01-01 14:55:00,70.37,14434.02,390.83,919.19,2,209.38,0,0.5,Web
JOB_897,2024-01-01 14:56:00,81.26,9861.7,60.1,752.23,3,209.26,0,0.75,AI
JOB_898,2024-01-01 14:57:00,77.31,15926.34,277.63,972.42,4,215.09,0,1.0,IoT
JOB_899,2024-01-01 14:58:00,93.13,13165.04,492.01,886.79,4,236.65,0,1.0,Streaming
JOB_900,2024-01-01 14:59:00,83.93,13149.37,429.89,812.24,4,182.95,0,1.0,Streaming
JOB_901,2024-01-01 15:00:00,65.01,14692.64,135.29,793.74,4,128.7,0,1.0,Streaming
JOB_902,2024-01-01 15:01:00,87.17,13618.03,83.17,892.39,4,141.51,0,1.0,IoT
JOB_903,2024-01-01 15:02:00,72.84,10216.26,103.92,802.78,4,183.13,0,1.0,Streaming
JOB_904,2024-01-01 15:03:00,99.69,12606.21,375.0,534.26,7,274.56,1,1.75,Analytics
JOB_905,2024-01-01 15:04:00,95.43,9558.84,301.57,620.59,6,149.65,0,1.5,IoT
JOB_906,2024-01-01 15:05:00,79.59,11430.71,241.46,765.34,2,218.62,0,0.5,Streaming
JOB_907,2024-01-01 15:06:00,93.87,11318.08,452.72,610.24,5,218.95,0,1.25,Analytics
JOB_908,2024-01-01 15:07:00,67.9,15742.02,233.7,664.77,2,187.65,0,0.5,Analytics
JOB_909,2024-01-01 15:08:00,84.97,11119.32,119.42,810.11,3,207.72,0,0.75,IoT
JOB_910,2024-01-01 15:09:00,69.62,11796.26,397.33,664.68,3,163.64,0,0.75,Streaming
JOB_911,2024-01-01 15:10:00,79.32,9201.43,322.49,874.48,4,178.33,0,1.0,Web
JOB_912,2024-01-01 15:11:00,80.26,13415.36,181.75,568.86,3,215.36,0,0.75,IoT
JOB_913,2024-01-01 15:12:00,98.91,8575.81,436.4,534.15,4,156.42,0,1.0,AI
JOB_914,2024-01-01 15:13:00,94.05,15779.97,237.75,702.41,7,159.24,0,1.75,Web
JOB_915,2024-01-01 15:14:00,99.77,9453.51,61.44,510.85,5,220.39,0,1.25,Analytics
JOB_916,2024-01-01 15:15:00,76.4,15587.22,300.21,661.17,3,166.68,0,0.75,IoT
JOB_917,2024-01-01 15:16:00,94.97,14001.98,447.35,872.24,7,155.58,0,1.75,Analytics
JOB_918,2024-01-01 15:17:00,94.44,9919.96,369.24,709.42,6,238.56,0,1.5,IoT
JOB_919,2024-01-01 15:18:00,81.27,8394.61,476.0,970.77,2,174.61,0,0.5,IoT
JOB_920,2024-01-01 15:19:00,92.04,10576.19,350.95,898.73,7,208.7,0,1.75,Streaming
JOB_921,2024-01-01 15:20:00,92.45,8883.48,326.63,546.4,5,170.91,0,1.25,IoT
JOB_922,2024-01-01 15:21:00,96.96,14265.06,200.48,510.68,6,259.74,1,1.5,AI
JOB_923,2024-01-01 15:22:00,76.95,10476.78,143.17,653.45,2,172.22,0,0.5,AI
JOB_924,2024-01-01 15:23:00,69.96,13508.24,340.29,655.22,4,153.4,0,1.0,Web
JOB_925,2024-01-01 15:24:00,74.05,15294.52,251.14,641.62,2,144.8,0,0.5,Streaming
JOB_926,2024-01-01 15:25:00,89.84,13731.47,424.8,813.56,6,220.49,0,1.5,Analytics
JOB_927,2024-01-01 15:26:00,65.61,10283.7,240.12,981.92,2,117.05,0,0.5,Analytics
JOB_928,2024-01-01 15:27:00,79.55,8392.49,71.88,822.17,4,146.02,0,1.0,Streaming
JOB_929,2024-01-01 15:28:00,84.52,8098.27,473.42,867.72,3,153.91,0,0.75,AI
JOB_930,2024-01-01 15:29:00,97.38,14376.91,297.61,657.79,4,149.69,0,1.0,Web
JOB_931,2024-01-01 15:30:00,95.22,15823.38,387.39,871.17,4,161.49,0,1.0,Web
JOB_932,2024-01-01 15:31:00,93.45,12411.8,214.92,740.27,7,192.86,0,1.75,Streaming
JOB_933,2024-01-01 15:32:00,92.7,14313.76,295.38,977.18,5,180.79,0,1.25,Analytics
JOB_934,2024-01-01 15:33:00,66.27,11106.99,52.8,512.68,4,148.14,0,1.0,Web
JOB_935,2024-01-01 15:34:00,99.87,10503.94,126.42,813.25,7,239.8,0,1.75,AI
JOB_936,2024-01-01 15:35:00,98.64,15600.7,287.35,503.83,6,261.25,1,1.5,Web
JOB_937,2024-01-01 15:36:00,79.43,12979.3,396.39,690.99,4,196.24,0,1.0,AI
JOB_938,2024-01-01 15:37:00,92.04,10401.85,153.16,623.18,5,261.16,1,1.25,AI
JOB_939,2024-01-01 15:38:00,98.58,9263.27,452.05,968.21,5,235.72,0,1.25,Web
JOB_940,2024-01-01 15:39:00,87.06,8816.52,376.68,685.26,5,189.93,0,1.25,Analytics
JOB_941,2024-01-01 15:40:00,80.83,15435.86,63.48,801.89,3,124.0,0,0.75,IoT
JOB_942,2024-01-01 15:41:00,66.43,14468.2,309.77,796.57,2,127.06,0,0.5,Web
JOB_943,2024-01-01 15:42:00,77.86,13094.67,201.16,980.98,2,138.74,0,0.5,AI
JOB_944,2024-01-01 15:43:00,80.64,11282.24,63.66,719.73,3,126.54,0,0.75,Web
JOB_945,2024-01-01 15:44:00,86.2,13442.69,179.71,991.07,4,206.04,0,1.0,Web
JOB_946,2024-01-01 15:45:00,72.01,14239.21,200.83,674.61,2,149.24,0,0.5,AI
JOB_947,2024-01-01 15:46:00,89.77,9737.51,184.05,549.17,5,156.39,0,1.25,IoT
JOB_948,2024-01-01 15:47:00,91.02,12114.4,364.56,797.08,4,183.57,0,1.0,Web
JOB_949,2024-01-01 15:48:00,65.38,14446.0,363.25,500.47,3,141.16,0,0.75,AI
JOB_950,2024-01-01 15:49:00,88.15,10948.07,368.63,536.12,6,175.63,0,1.5,Analytics
JOB_951,2024-01-01 15:50:00,73.64,13768.2,265.75,789.02,4,202.56,0,1.0,Streaming
JOB_952,2024-01-01 15:51:00,93.68,12090.06,346.62,536.47,7,202.65,0,1.75,Web
JOB_953,2024-01-01 15:52:00,69.93,11843.08,404.18,772.66,3,127.11,0,0.75,AI
JOB_954,2024-01-01 15:53:00,73.63,9508.85,312.63,560.22,4,131.32,0,1.0,Analytics
JOB_955,2024-01-01 15:54:00,78.91,11232.64,316.57,579.27,3,161.67,0,0.75,Streaming
JOB_956,2024-01-01 15:55:00,89.67,8024.42,135.05,538.68,4,189.92,0,1.0,Analytics
JOB_957,2024-01-01 15:56:00,69.18,14357.39,230.69,729.9,2,151.66,0,0.5,Web
JOB_958,2024-01-01 15:57:00,77.88,9619.72,474.93,975.92,4,191.47,0,1.0,Web
JOB_959,2024-01-01 15:58:00,99.2,11464.69,126.51,634.59,4,178.03,0,1.0,Streaming
JOB_960,2024-01-01 15:59:00,74.97,13919.26,315.08,641.3,4,127.34,0,1.0,Web
JOB_961,2024-01-01 16:00:00,92.73,11989.56,390.29,667.87,6,257.5,1,1.5,Analytics
JOB_962,2024-01-01 16:01:00,69.28,12764.5,494.06,863.35,2,123.45,0,0.5,Streaming
JOB_963,2024-01-01 16:02:00,94.2,8720.01,67.62,698.66,5,179.78,0,1.25,AI
JOB_964,2024-01-01 16:03:00,92.33,10236.93,297.47,591.02,7,189.7,0,1.75,IoT
JOB_965,2024-01-01 16:04:00,93.79,8447.77,384.15,945.35,7,248.66,0,1.75,Streaming
JOB_966,2024-01-01 16:05:00,68.73,13778.13,475.79,556.8,2,173.9,0,0.5,AI
JOB_967,2024-01-01 16:06:00,71.49,10700.68,319.97,500.26,2,151.62,0,0.5,Web
JOB_968,2024-01-01 16:07:00,89.6,9259.88,234.25,669.9,5,175.71,0,1.25,IoT
JOB_969,2024-01-01 16:08:00,96.73,13770.26,253.79,754.94,5,283.01,1,1.25,Streaming
JOB_970,2024-01-01 16:09:00,74.18,10246.21,76.27,570.37,2,142.74,0,0.5,Web
JOB_971,2024-01-01 16:10:00,86.19,9719.35,95.03,808.4,7,216.3,0,1.75,Analytics
JOB_972,2024-01-01 16:11:00,86.13,10555.1,241.71,671.16,5,147.18,0,1.25,Analytics
JOB_973,2024-01-01 16:12:00,66.22,10604.94,424.58,520.61,3,153.67,0,0.75,Analytics
JOB_974,2024-01-01 16:13:00,91.16,12628.11,365.58,776.33,5,163.35,0,1.25,Web
JOB_975,2024-01-01 16:14:00,87.7,15045.82,116.64,573.46,7,212.0,0,1.75,Streaming
JOB_976,2024-01-01 16:15:00,97.32,10825.52,358.05,596.73,4,171.9,0,1.0,Web
JOB_977,2024-01-01 16:16:00,67.46,15628.67,250.84,969.0,3,146.8,0,0.75,AI
JOB_978,2024-01-01 16:17:00,71.51,10003.54,399.68,835.73,3,179.92,0,0.75,Analytics
JOB_979,2024-01-01 16:18:00,66.7,11758.13,124.98,927.3,4,133.29,0,1.0,AI
JOB_980,2024-01-01 16:19:00,75.46,15165.18,71.81,978.73,4,141.21,0,1.0,IoT
JOB_981,2024-01-01 16:20:00,89.0,9984.85,424.8,559.38,5,250.3,1,1.25,IoT
JOB_982,2024-01-01 16:21:00,70.97,13099.68,397.14,856.62,4,187.16,0,1.0,Streaming
JOB_983,2024-01-01 16:22:00,96.92,10775.63,61.23,508.23,7,183.22,0,1.75,Analytics
JOB_984,2024-01-01 16:23:00,84.88,15110.18,125.01,732.04,4,172.13,0,1.0,Streaming
JOB_985,2024-01-01 16:24:00,86.73,13487.75,50.84,554.6,6,137.02,0,1.5,Streaming
JOB_986,2024-01-01 16:25:00,78.75,13612.14,469.23,573.42,3,215.68,0,0.75,Web
JOB_987,2024-01-01 16:26:00,76.31,10434.49,131.83,699.96,4,169.42,0,1.0,AI
JOB_988,2024-01-01 16:27:00,79.45,15796.3,472.31,628.44,4,131.55,0,1.0,AI
JOB_989,2024-01-01 16:28:00,99.59,9102.62,385.67,668.99,7,243.24,0,1.75,Web
JOB_990,2024-01-01 16:29:00,66.96,11589.64,390.75,873.54,4,166.85,0,1.0,Web
JOB_991,2024-01-01 16:30:00,66.69,15877.43,364.17,655.19,2,121.44,0,0.5,AI
JOB_992,2024-01-01 16:31:00,78.47,15283.84,147.22,981.66,4,193.33,0,1.0,Analytics
JOB_993,2024-01-01 16:32:00,91.66,10429.24,248.77,511.11,5,274.74,1,1.25,Analytics
JOB_994,2024-01-01 16:33:00,97.63,11919.24,315.78,782.41,5,286.33,1,1.25,Streaming
JOB_995,2024-01-01 16:34:00,73.87,11953.29,316.27,573.93,2,216.42,0,0.5,IoT
JOB_996,2024-01-01 16:35:00,72.62,14674.51,425.44,924.67,4,175.78,0,1.0,AI
JOB_997,2024-01-01 16:36:00,95.99,9656.15,72.55,545.2,4,220.75,0,1.0,IoT
JOB_998,2024-01-01 16:37:00,92.66,14605.59,166.07,837.71,4,175.49,0,1.0,Analytics
JOB_999,2024-01-01 16:38:00,80.57,12109.31,258.92,631.71,4,126.7,0,1.0,IoT
JOB_1000,2024-01-01 16:39:00,69.58,13507.19,211.79,554.11,4,185.27,0,1.0,AI
